{"stats":{"minecraft:killed":{"minecraft:cat":1,"minecraft:cave_spider":2,"minecraft:pig":1,"minecraft:iron_golem":2,"minecraft:creeper":1,"minecraft:sheep":7,"minecraft:zombie":1,"minecraft:cow":14},"minecraft:broken":{"minecraft:stone_axe":1},"minecraft:mined":{"minecraft:white_bed":2,"minecraft:crafting_table":6,"minecraft:granite":1,"minecraft:short_grass":4,"minecraft:grass_block":15,"minecraft:melon":7,"minecraft:jungle_planks":23,"minecraft:jungle_log":12,"minecraft:tall_grass":2,"minecraft:cobblestone":3,"minecraft:grindstone":1,"minecraft:oak_planks":8,"minecraft:spawner":2,"minecraft:hay_block":68,"minecraft:oak_trapdoor":2,"minecraft:iron_ore":11,"minecraft:oak_log":15,"minecraft:coal_ore":31,"minecraft:dirt":7,"minecraft:cobweb":11,"minecraft:stone":48,"minecraft:tripwire":3,"minecraft:fern":3,"minecraft:oak_leaves":23},"minecraft:crafted":{"minecraft:oak_planks":60,"minecraft:tripwire_hook":2,"minecraft:crafting_table":2,"minecraft:wooden_pickaxe":1,"minecraft:lever":1,"minecraft:bucket":1,"minecraft:stone_axe":1,"minecraft:bread":24,"minecraft:jungle_planks":48,"minecraft:oak_trapdoor":2,"minecraft:iron_axe":1,"minecraft:stick":16,"minecraft:iron_pickaxe":1,"minecraft:stone_pickaxe":1,"minecraft:stone_sword":1,"minecraft:chest":2,"minecraft:white_bed":1,"minecraft:stone_hoe":1,"minecraft:shears":1,"minecraft:wheat":72},"minecraft:used":{"minecraft:oak_trapdoor":2,"minecraft:water_bucket":15,"minecraft:stone_sword":27,"minecraft:stone_pickaxe":84,"minecraft:oak_planks":11,"minecraft:chest":2,"minecraft:wooden_pickaxe":3,"minecraft:stone_hoe":70,"minecraft:dirt":13,"minecraft:crafting_table":7,"minecraft:jungle_planks":23,"minecraft:white_bed":2,"minecraft:shears":3,"minecraft:lever":1,"minecraft:string":4,"minecraft:iron_axe":28,"minecraft:bread":7,"minecraft:melon_slice":1,"minecraft:iron_pickaxe":10,"minecraft:stone_axe":89,"minecraft:tripwire_hook":2,"minecraft:cobblestone":3,"minecraft:hay_block":3,"minecraft:bucket":16},"minecraft:dropped":{"minecraft:oak_planks":1,"minecraft:hay_block":32,"minecraft:stone_pickaxe":2},"minecraft:picked_up":{"minecraft:crafting_table":6,"minecraft:tripwire_hook":2,"minecraft:jungle_log":12,"minecraft:leather":12,"minecraft:oak_log":15,"minecraft:gunpowder":1,"minecraft:oak_trapdoor":2,"minecraft:dirt":22,"minecraft:string":41,"minecraft:wheat_seeds":2,"minecraft:stone_pickaxe":1,"minecraft:iron_ingot":8,"minecraft:beef":23,"minecraft:grindstone":1,"minecraft:melon_slice":34,"minecraft:oak_planks":9,"minecraft:raw_iron":11,"minecraft:jungle_planks":23,"minecraft:porkchop":3,"minecraft:white_bed":2,"minecraft:spider_eye":1,"minecraft:lever":1,"minecraft:hay_block":68,"minecraft:granite":1,"minecraft:mutton":12,"minecraft:coal":31,"minecraft:cobblestone":51,"minecraft:white_wool":7},"minecraft:custom":{"minecraft:mob_kills":29,"minecraft:interact_with_crafting_table":15,"minecraft:bell_ring":11,"minecraft:interact_with_grindstone":1,"minecraft:leave_game":1,"minecraft:time_since_death":31353,"minecraft:sleep_in_bed":2,"minecraft:climb_one_cm":696,"minecraft:time_since_rest":6153,"minecraft:sprint_one_cm":111831,"minecraft:damage_taken":135,"minecraft:walk_one_cm":55258,"minecraft:drop":12,"minecraft:damage_dealt":4797,"minecraft:swim_one_cm":13600,"minecraft:fly_one_cm":168361,"minecraft:open_chest":4,"minecraft:crouch_one_cm":2555,"minecraft:play_time":31353,"minecraft:sneak_time":1542,"minecraft:walk_under_water_one_cm":3390,"minecraft:jump":813,"minecraft:walk_on_water_one_cm":5320,"minecraft:total_world_time":31353,"minecraft:fall_one_cm":19907}},"DataVersion":3953}