{"stats":{"minecraft:used":{"minecraft:oak_trapdoor":4,"minecraft:oak_fence":1,"minecraft:stone_sword":95,"minecraft:chest":11,"minecraft:shield":13,"minecraft:stone_hoe":70,"minecraft:torch":45,"minecraft:dirt":61,"minecraft:hopper":6,"minecraft:jungle_planks":68,"minecraft:jungle_slab":6,"minecraft:cod_bucket":1,"minecraft:jungle_trapdoor":11,"minecraft:iron_axe":230,"minecraft:barrel":1,"minecraft:tripwire_hook":6,"minecraft:hay_block":9,"minecraft:furnace":1,"minecraft:water_bucket":28,"minecraft:stone_pickaxe":84,"minecraft:oak_planks":11,"minecraft:wooden_pickaxe":5,"minecraft:crafting_table":8,"minecraft:white_bed":7,"minecraft:shears":16,"minecraft:lever":4,"minecraft:diamond_pickaxe":474,"minecraft:diamond_shovel":5,"minecraft:melon_slice":1,"minecraft:bread":43,"minecraft:string":32,"minecraft:iron_pickaxe":26,"minecraft:gravel":4,"minecraft:stone_axe":93,"minecraft:cobblestone":45,"minecraft:bucket":31},"minecraft:dropped":{"minecraft:stone_hoe":20,"minecraft:water_bucket":3,"minecraft:wheat_seeds":5,"minecraft:glow_ink_sac":3,"minecraft:smithing_table":2,"minecraft:crafting_table":1,"minecraft:granite":1,"minecraft:jungle_planks":12,"minecraft:coal":14,"minecraft:stick":9,"minecraft:emerald":518,"minecraft:dirt":7,"minecraft:mutton":1,"minecraft:wooden_axe":1,"minecraft:iron_axe":1,"minecraft:iron_pickaxe":5,"minecraft:smooth_stone":1,"minecraft:iron_shovel":6,"minecraft:string":65,"minecraft:fishing_rod":1,"minecraft:gravel":8,"minecraft:furnace":1,"minecraft:stone_axe":17,"minecraft:stone_sword":2,"minecraft:cobbled_deepslate":128,"minecraft:tuff":7,"minecraft:rotten_flesh":10,"minecraft:oak_planks":1,"minecraft:diamond_shovel":6,"minecraft:poppy":6,"minecraft:hay_block":32,"minecraft:diamond_pickaxe":2,"minecraft:andesite":1,"minecraft:oak_sapling":1,"minecraft:arrow":2,"minecraft:campfire":7,"minecraft:stone_pickaxe":2},"minecraft:crafted":{"minecraft:oak_planks":60,"minecraft:tripwire_hook":4,"minecraft:furnace":1,"minecraft:jungle_trapdoor":10,"minecraft:lever":2,"minecraft:diamond_shovel":6,"minecraft:oak_trapdoor":2,"minecraft:hopper":4,"minecraft:iron_axe":2,"minecraft:stone_pickaxe":1,"minecraft:chest":15,"minecraft:cod_bucket":1,"minecraft:stone_hoe":11,"minecraft:wheat":162,"minecraft:emerald":526,"minecraft:crafting_table":2,"minecraft:wooden_pickaxe":1,"minecraft:smithing_table":2,"minecraft:bucket":2,"minecraft:stone_axe":11,"minecraft:jungle_slab":6,"minecraft:bread":54,"minecraft:air":0,"minecraft:jungle_planks":176,"minecraft:white_wool":3,"minecraft:diamond_pickaxe":3,"minecraft:shield":1,"minecraft:stick":28,"minecraft:iron_ingot":11,"minecraft:iron_pickaxe":4,"minecraft:stone_sword":1,"minecraft:iron_shovel":3,"minecraft:white_bed":2,"minecraft:torch":44,"minecraft:shears":1},"minecraft:broken":{"minecraft:iron_axe":1,"minecraft:stone_axe":1},"minecraft:custom":{"minecraft:mob_kills":60,"minecraft:inspect_hopper":33,"minecraft:interact_with_crafting_table":37,"minecraft:bell_ring":11,"minecraft:leave_game":7,"minecraft:time_since_death":155131,"minecraft:climb_one_cm":2418,"minecraft:sprint_one_cm":444838,"minecraft:walk_one_cm":280481,"minecraft:damage_blocked_by_shield":515,"minecraft:drop":115,"minecraft:talked_to_villager":108,"minecraft:play_time":155131,"minecraft:sneak_time":7531,"minecraft:walk_under_water_one_cm":15471,"minecraft:jump":3634,"minecraft:walk_on_water_one_cm":41018,"minecraft:total_world_time":155131,"minecraft:interact_with_furnace":7,"minecraft:traded_with_villager":562,"minecraft:interact_with_grindstone":1,"minecraft:sleep_in_bed":10,"minecraft:time_since_rest":38058,"minecraft:damage_taken":924,"minecraft:damage_dealt":20110,"minecraft:swim_one_cm":22066,"minecraft:fly_one_cm":712684,"minecraft:open_chest":170,"minecraft:crouch_one_cm":11604,"minecraft:fall_one_cm":83709},"minecraft:picked_up":{"minecraft:charcoal":7,"minecraft:cocoa_beans":3,"minecraft:crafting_table":7,"minecraft:leather_leggings":1,"minecraft:jungle_trapdoor":1,"minecraft:string":15106,"minecraft:oak_trapdoor":2,"minecraft:compass":1,"minecraft:iron_shovel":3,"minecraft:cobbled_deepslate":211,"minecraft:smooth_stone":1,"minecraft:bucket":1,"minecraft:beef":23,"minecraft:poppy":7,"minecraft:iron_pickaxe":3,"minecraft:melon_slice":34,"minecraft:furnace":1,"minecraft:stick":9,"minecraft:raw_iron":43,"minecraft:oak_fence":2,"minecraft:torch":1,"minecraft:acacia_log":9,"minecraft:porkchop":3,"minecraft:redstone":106,"minecraft:stone_sword":1,"minecraft:rotten_flesh":13,"minecraft:arrow":4,"minecraft:hay_block":74,"minecraft:obsidian":14,"minecraft:mutton":14,"minecraft:cobblestone":149,"minecraft:white_wool":7,"minecraft:andesite":1,"minecraft:tripwire_hook":2,"minecraft:glow_ink_sac":3,"minecraft:water_bucket":1,"minecraft:jungle_log":44,"minecraft:leather":15,"minecraft:flint":2,"minecraft:tuff":7,"minecraft:oak_log":43,"minecraft:gunpowder":1,"minecraft:lapis_lazuli":40,"minecraft:dirt":115,"minecraft:acacia_planks":1,"minecraft:wheat_seeds":6,"minecraft:raw_gold":14,"minecraft:stone_pickaxe":1,"minecraft:grindstone":1,"minecraft:iron_ingot":56,"minecraft:oak_planks":9,"minecraft:stone_hoe":10,"minecraft:gravel":15,"minecraft:jungle_planks":65,"minecraft:white_bed":5,"minecraft:barrel":1,"minecraft:spider_eye":3,"minecraft:jungle_slab":6,"minecraft:diamond_shovel":4,"minecraft:campfire":7,"minecraft:diamond":69,"minecraft:stone_axe":8,"minecraft:lever":2,"minecraft:granite":1,"minecraft:bread":12,"minecraft:emerald":53,"minecraft:oak_sapling":1,"minecraft:diamond_pickaxe":1,"minecraft:coal":108,"minecraft:hopper":2,"minecraft:fishing_rod":1,"minecraft:wooden_axe":1},"minecraft:mined":{"minecraft:tuff":7,"minecraft:white_bed":5,"minecraft:deepslate_diamond_ore":69,"minecraft:jungle_slab":4,"minecraft:jungle_leaves":2,"minecraft:obsidian":15,"minecraft:granite":1,"minecraft:acacia_log":9,"minecraft:grass_block":26,"minecraft:jungle_planks":53,"minecraft:jungle_log":44,"minecraft:hopper":2,"minecraft:spawner":3,"minecraft:hay_block":74,"minecraft:smooth_stone":1,"minecraft:oak_trapdoor":2,"minecraft:iron_ore":29,"minecraft:barrel":1,"minecraft:andesite":1,"minecraft:deepslate_lapis_ore":6,"minecraft:deepslate_iron_ore":15,"minecraft:vine":10,"minecraft:dirt_path":1,"minecraft:stone":126,"minecraft:tripwire":5,"minecraft:jungle_trapdoor":1,"minecraft:deepslate_redstone_ore":18,"minecraft:oak_fence":4,"minecraft:crafting_table":6,"minecraft:short_grass":10,"minecraft:melon":7,"minecraft:tall_grass":2,"minecraft:cobblestone":3,"minecraft:deepslate_gold_ore":15,"minecraft:grindstone":1,"minecraft:oak_planks":8,"minecraft:diorite":1,"minecraft:oak_log":17,"minecraft:coal_ore":108,"minecraft:gravel":16,"minecraft:dirt":34,"minecraft:cobweb":11,"minecraft:oak_leaves":28,"minecraft:deepslate":162,"minecraft:fern":4},"minecraft:killed":{"minecraft:cave_spider":2,"minecraft:spider":3,"minecraft:skeleton":4,"minecraft:cat":1,"minecraft:pig":1,"minecraft:iron_golem":14,"minecraft:creeper":1,"minecraft:sheep":7,"minecraft:zombie":13,"minecraft:cow":14}},"DataVersion":3953}