{"stats":{"minecraft:dropped":{"minecraft:bread":31,"minecraft:wheat_seeds":5,"minecraft:glow_ink_sac":3,"minecraft:smithing_table":2,"minecraft:crafting_table":2,"minecraft:granite":1,"minecraft:jungle_planks":12,"minecraft:coal":14,"minecraft:flint":2,"minecraft:stick":9,"minecraft:emerald":518,"minecraft:dirt":8,"minecraft:mutton":1,"minecraft:wooden_axe":1,"minecraft:gilded_blackstone":2,"minecraft:iron_axe":1,"minecraft:iron_pickaxe":5,"minecraft:smooth_stone":1,"minecraft:iron_shovel":6,"minecraft:string":65,"minecraft:fishing_rod":1,"minecraft:gold_ingot":1,"minecraft:gravel":8,"minecraft:furnace":1,"minecraft:stone_axe":19,"minecraft:compass":1,"minecraft:stone_sword":2,"minecraft:cobbled_deepslate":128,"minecraft:tuff":7,"minecraft:rotten_flesh":10,"minecraft:oak_planks":1,"minecraft:diamond_shovel":7,"minecraft:poppy":6,"minecraft:hay_block":47,"minecraft:diamond_pickaxe":3,"minecraft:andesite":1,"minecraft:chest":2,"minecraft:oak_sapling":1,"minecraft:leather_leggings":1,"minecraft:basalt":4,"minecraft:arrow":2,"minecraft:campfire":7,"minecraft:stone_pickaxe":2,"minecraft:netherrack":9,"minecraft:stone_hoe":20,"minecraft:iron_ingot":6,"minecraft:water_bucket":3},"minecraft:used":{"minecraft:oak_fence":1,"minecraft:oak_trapdoor":4,"minecraft:stone_sword":95,"minecraft:flint_and_steel":2,"minecraft:chest":13,"minecraft:shield":17,"minecraft:stone_hoe":70,"minecraft:netherrack":41,"minecraft:torch":45,"minecraft:dirt":61,"minecraft:hopper":6,"minecraft:jungle_planks":68,"minecraft:jungle_slab":6,"minecraft:cod_bucket":1,"minecraft:jungle_trapdoor":11,"minecraft:iron_axe":241,"minecraft:barrel":1,"minecraft:tripwire_hook":6,"minecraft:hay_block":9,"minecraft:furnace":1,"minecraft:water_bucket":28,"minecraft:stone_pickaxe":84,"minecraft:oak_planks":25,"minecraft:wooden_pickaxe":5,"minecraft:polished_blackstone_bricks":139,"minecraft:golden_apple":1,"minecraft:crafting_table":10,"minecraft:white_bed":8,"minecraft:shears":16,"minecraft:lever":4,"minecraft:diamond_pickaxe":867,"minecraft:diamond_shovel":12,"minecraft:cracked_polished_blackstone_bricks":29,"minecraft:bread":55,"minecraft:melon_slice":1,"minecraft:string":32,"minecraft:iron_pickaxe":26,"minecraft:gravel":4,"minecraft:stone_axe":141,"minecraft:cobblestone":51,"minecraft:bucket":31,"minecraft:oak_boat":3},"minecraft:mined":{"minecraft:tuff":7,"minecraft:white_bed":5,"minecraft:deepslate_diamond_ore":69,"minecraft:jungle_slab":4,"minecraft:jungle_leaves":2,"minecraft:obsidian":15,"minecraft:granite":1,"minecraft:acacia_log":9,"minecraft:grass_block":26,"minecraft:jungle_planks":53,"minecraft:jungle_log":44,"minecraft:cracked_polished_blackstone_bricks":49,"minecraft:hopper":2,"minecraft:gilded_blackstone":1,"minecraft:spawner":4,"minecraft:hay_block":74,"minecraft:smooth_stone":1,"minecraft:polished_blackstone_bricks":143,"minecraft:oak_trapdoor":2,"minecraft:fire":9,"minecraft:iron_ore":37,"minecraft:barrel":1,"minecraft:andesite":1,"minecraft:deepslate_lapis_ore":6,"minecraft:gold_block":31,"minecraft:dirt_path":1,"minecraft:deepslate_iron_ore":15,"minecraft:vine":10,"minecraft:stone":132,"minecraft:bone_block":39,"minecraft:tripwire":5,"minecraft:jungle_trapdoor":1,"minecraft:deepslate_redstone_ore":18,"minecraft:soul_sand":5,"minecraft:blackstone":17,"minecraft:soul_fire":4,"minecraft:basalt":4,"minecraft:oak_fence":4,"minecraft:crafting_table":8,"minecraft:short_grass":10,"minecraft:melon":7,"minecraft:tall_grass":2,"minecraft:cobblestone":5,"minecraft:deepslate_gold_ore":15,"minecraft:grindstone":1,"minecraft:oak_planks":8,"minecraft:diorite":1,"minecraft:oak_log":17,"minecraft:coal_ore":108,"minecraft:gravel":19,"minecraft:dirt":34,"minecraft:cobweb":11,"minecraft:netherrack":90,"minecraft:oak_leaves":28,"minecraft:deepslate":162,"minecraft:fern":4},"minecraft:crafted":{"minecraft:oak_planks":172,"minecraft:tripwire_hook":4,"minecraft:furnace":1,"minecraft:jungle_trapdoor":10,"minecraft:lever":2,"minecraft:diamond_shovel":7,"minecraft:flint_and_steel":1,"minecraft:oak_trapdoor":2,"minecraft:hopper":4,"minecraft:iron_axe":3,"minecraft:stone_pickaxe":1,"minecraft:chest":17,"minecraft:cod_bucket":1,"minecraft:stone_hoe":11,"minecraft:wheat":162,"minecraft:emerald":526,"minecraft:crafting_table":3,"minecraft:wooden_pickaxe":1,"minecraft:smithing_table":2,"minecraft:bucket":2,"minecraft:stone_axe":12,"minecraft:jungle_slab":6,"minecraft:bread":54,"minecraft:air":0,"minecraft:jungle_planks":176,"minecraft:oak_boat":1,"minecraft:white_wool":3,"minecraft:diamond_pickaxe":4,"minecraft:shield":1,"minecraft:stick":32,"minecraft:iron_ingot":11,"minecraft:iron_pickaxe":4,"minecraft:stone_sword":1,"minecraft:iron_shovel":3,"minecraft:gold_ingot":18,"minecraft:white_bed":2,"minecraft:torch":44,"minecraft:shears":1},"minecraft:broken":{"minecraft:iron_axe":1,"minecraft:stone_axe":1},"minecraft:picked_up":{"minecraft:wooden_axe":1,"minecraft:charcoal":7,"minecraft:fishing_rod":1,"minecraft:cocoa_beans":3,"minecraft:crafting_table":10,"minecraft:splash_potion":1,"minecraft:leather_leggings":1,"minecraft:gold_block":31,"minecraft:gilded_blackstone":1,"minecraft:nether_brick":4,"minecraft:string":15111,"minecraft:jungle_trapdoor":1,"minecraft:oak_trapdoor":2,"minecraft:compass":1,"minecraft:iron_shovel":3,"minecraft:blackstone":33,"minecraft:cobbled_deepslate":211,"minecraft:smooth_stone":1,"minecraft:bucket":1,"minecraft:beef":23,"minecraft:oak_boat":3,"minecraft:poppy":7,"minecraft:iron_pickaxe":3,"minecraft:melon_slice":34,"minecraft:chest":2,"minecraft:furnace":1,"minecraft:stick":9,"minecraft:raw_iron":52,"minecraft:oak_fence":2,"minecraft:torch":1,"minecraft:acacia_log":9,"minecraft:fire_charge":1,"minecraft:porkchop":3,"minecraft:polished_blackstone_bricks":139,"minecraft:redstone":106,"minecraft:rotten_flesh":13,"minecraft:stone_sword":1,"minecraft:arrow":4,"minecraft:hay_block":89,"minecraft:mutton":14,"minecraft:obsidian":15,"minecraft:bone_block":38,"minecraft:cobblestone":157,"minecraft:white_wool":7,"minecraft:basalt":4,"minecraft:jungle_log":44,"minecraft:glow_ink_sac":3,"minecraft:tripwire_hook":2,"minecraft:water_bucket":1,"minecraft:andesite":1,"minecraft:leather":15,"minecraft:golden_leggings":1,"minecraft:flint":3,"minecraft:tuff":7,"minecraft:oak_log":43,"minecraft:gunpowder":1,"minecraft:lapis_lazuli":40,"minecraft:dirt":116,"minecraft:acacia_planks":1,"minecraft:wheat_seeds":6,"minecraft:raw_gold":14,"minecraft:stone_pickaxe":1,"minecraft:iron_ingot":61,"minecraft:grindstone":1,"minecraft:soul_sand":5,"minecraft:stone_hoe":10,"minecraft:oak_planks":9,"minecraft:gravel":15,"minecraft:jungle_planks":65,"minecraft:white_bed":6,"minecraft:barrel":1,"minecraft:jungle_slab":6,"minecraft:spider_eye":3,"minecraft:diamond_shovel":4,"minecraft:diamond":69,"minecraft:stone_axe":9,"minecraft:campfire":7,"minecraft:lever":2,"minecraft:cracked_polished_blackstone_bricks":49,"minecraft:granite":1,"minecraft:emerald":53,"minecraft:bread":12,"minecraft:ender_pearl":4,"minecraft:netherrack":66,"minecraft:oak_sapling":1,"minecraft:coal":108,"minecraft:hopper":2,"minecraft:diamond_pickaxe":1},"minecraft:custom":{"minecraft:mob_kills":72,"minecraft:inspect_hopper":33,"minecraft:interact_with_crafting_table":40,"minecraft:bell_ring":11,"minecraft:leave_game":7,"minecraft:time_since_death":1707,"minecraft:climb_one_cm":2418,"minecraft:sprint_one_cm":576940,"minecraft:walk_one_cm":332776,"minecraft:damage_blocked_by_shield":680,"minecraft:drop":133,"minecraft:talked_to_villager":110,"minecraft:deaths":1,"minecraft:play_time":190408,"minecraft:sneak_time":17305,"minecraft:walk_under_water_one_cm":15682,"minecraft:boat_one_cm":8241,"minecraft:jump":4312,"minecraft:walk_on_water_one_cm":41265,"minecraft:total_world_time":190408,"minecraft:interact_with_furnace":14,"minecraft:traded_with_villager":565,"minecraft:interact_with_grindstone":1,"minecraft:sleep_in_bed":10,"minecraft:time_since_rest":1826,"minecraft:damage_taken":1710,"minecraft:damage_absorbed":40,"minecraft:damage_dealt":24015,"minecraft:swim_one_cm":26711,"minecraft:fly_one_cm":831071,"minecraft:open_chest":201,"minecraft:crouch_one_cm":43387,"minecraft:interact_with_smithing_table":1,"minecraft:fall_one_cm":96131},"minecraft:killed":{"minecraft:cave_spider":2,"minecraft:spider":3,"minecraft:skeleton":5,"minecraft:piglin_brute":6,"minecraft:cat":1,"minecraft:magma_cube":1,"minecraft:piglin":2,"minecraft:pig":1,"minecraft:iron_golem":14,"minecraft:creeper":1,"minecraft:sheep":7,"minecraft:zombie":13,"minecraft:cow":14}},"DataVersion":3953}