{"stats":{"minecraft:used":{"minecraft:oak_fence":1,"minecraft:oak_trapdoor":4,"minecraft:water_bucket":19,"minecraft:stone_sword":95,"minecraft:stone_pickaxe":84,"minecraft:oak_planks":11,"minecraft:chest":7,"minecraft:wooden_pickaxe":5,"minecraft:stone_hoe":70,"minecraft:dirt":28,"minecraft:crafting_table":8,"minecraft:hopper":2,"minecraft:jungle_planks":47,"minecraft:jungle_slab":6,"minecraft:white_bed":5,"minecraft:jungle_trapdoor":5,"minecraft:shears":15,"minecraft:lever":3,"minecraft:bread":14,"minecraft:iron_axe":65,"minecraft:string":29,"minecraft:melon_slice":1,"minecraft:iron_pickaxe":10,"minecraft:barrel":1,"minecraft:stone_axe":89,"minecraft:tripwire_hook":4,"minecraft:cobblestone":3,"minecraft:hay_block":3,"minecraft:bucket":20},"minecraft:dropped":{"minecraft:water_bucket":1,"minecraft:stone_sword":1,"minecraft:oak_planks":1,"minecraft:poppy":5,"minecraft:hay_block":32,"minecraft:stone_pickaxe":2,"minecraft:string":64},"minecraft:crafted":{"minecraft:oak_planks":60,"minecraft:emerald":183,"minecraft:tripwire_hook":2,"minecraft:crafting_table":2,"minecraft:wooden_pickaxe":1,"minecraft:jungle_trapdoor":4,"minecraft:lever":1,"minecraft:bucket":1,"minecraft:stone_axe":1,"minecraft:jungle_slab":6,"minecraft:bread":24,"minecraft:jungle_planks":68,"minecraft:oak_trapdoor":2,"minecraft:hopper":2,"minecraft:white_wool":3,"minecraft:iron_axe":1,"minecraft:stick":16,"minecraft:iron_pickaxe":1,"minecraft:stone_pickaxe":1,"minecraft:stone_sword":1,"minecraft:chest":9,"minecraft:white_bed":2,"minecraft:stone_hoe":1,"minecraft:shears":1,"minecraft:wheat":72},"minecraft:broken":{"minecraft:stone_axe":1},"minecraft:custom":{"minecraft:mob_kills":35,"minecraft:inspect_hopper":5,"minecraft:traded_with_villager":183,"minecraft:interact_with_crafting_table":23,"minecraft:bell_ring":11,"minecraft:interact_with_grindstone":1,"minecraft:leave_game":4,"minecraft:time_since_death":62100,"minecraft:sleep_in_bed":5,"minecraft:climb_one_cm":889,"minecraft:time_since_rest":8886,"minecraft:sprint_one_cm":166179,"minecraft:damage_taken":260,"minecraft:walk_one_cm":113250,"minecraft:drop":16,"minecraft:damage_dealt":9349,"minecraft:swim_one_cm":13600,"minecraft:talked_to_villager":36,"minecraft:fly_one_cm":253819,"minecraft:open_chest":21,"minecraft:crouch_one_cm":5327,"minecraft:play_time":62100,"minecraft:sneak_time":3480,"minecraft:walk_under_water_one_cm":3390,"minecraft:jump":1398,"minecraft:walk_on_water_one_cm":11578,"minecraft:total_world_time":62100,"minecraft:fall_one_cm":32513},"minecraft:picked_up":{"minecraft:cocoa_beans":3,"minecraft:crafting_table":6,"minecraft:tripwire_hook":2,"minecraft:jungle_log":17,"minecraft:leather":12,"minecraft:oak_log":15,"minecraft:gunpowder":1,"minecraft:dirt":33,"minecraft:oak_trapdoor":2,"minecraft:jungle_trapdoor":1,"minecraft:string":2357,"minecraft:wheat_seeds":6,"minecraft:stone_pickaxe":1,"minecraft:beef":23,"minecraft:iron_ingot":23,"minecraft:grindstone":1,"minecraft:poppy":5,"minecraft:melon_slice":34,"minecraft:oak_planks":9,"minecraft:raw_iron":11,"minecraft:oak_fence":2,"minecraft:porkchop":3,"minecraft:jungle_planks":42,"minecraft:white_bed":3,"minecraft:barrel":1,"minecraft:jungle_slab":6,"minecraft:spider_eye":1,"minecraft:rotten_flesh":3,"minecraft:lever":2,"minecraft:hay_block":68,"minecraft:granite":1,"minecraft:mutton":12,"minecraft:coal":31,"minecraft:white_wool":7,"minecraft:cobblestone":51},"minecraft:mined":{"minecraft:white_bed":3,"minecraft:jungle_slab":4,"minecraft:oak_fence":2,"minecraft:crafting_table":6,"minecraft:granite":1,"minecraft:short_grass":10,"minecraft:grass_block":21,"minecraft:melon":7,"minecraft:jungle_planks":42,"minecraft:jungle_log":17,"minecraft:tall_grass":2,"minecraft:cobblestone":3,"minecraft:grindstone":1,"minecraft:oak_planks":8,"minecraft:spawner":2,"minecraft:hay_block":68,"minecraft:oak_trapdoor":2,"minecraft:barrel":1,"minecraft:iron_ore":11,"minecraft:coal_ore":31,"minecraft:oak_log":15,"minecraft:vine":2,"minecraft:dirt":13,"minecraft:cobweb":11,"minecraft:stone":48,"minecraft:oak_leaves":23,"minecraft:tripwire":4,"minecraft:fern":4,"minecraft:jungle_trapdoor":1},"minecraft:killed":{"minecraft:cat":1,"minecraft:cave_spider":2,"minecraft:pig":1,"minecraft:iron_golem":6,"minecraft:creeper":1,"minecraft:sheep":7,"minecraft:zombie":3,"minecraft:cow":14}},"DataVersion":3953}