{"stats":{"minecraft:used":{"minecraft:oak_fence":1,"minecraft:oak_trapdoor":4,"minecraft:water_bucket":21,"minecraft:stone_sword":95,"minecraft:stone_pickaxe":84,"minecraft:oak_planks":11,"minecraft:chest":7,"minecraft:wooden_pickaxe":5,"minecraft:stone_hoe":70,"minecraft:torch":22,"minecraft:dirt":31,"minecraft:crafting_table":8,"minecraft:hopper":2,"minecraft:jungle_planks":63,"minecraft:jungle_slab":6,"minecraft:white_bed":6,"minecraft:jungle_trapdoor":11,"minecraft:shears":16,"minecraft:lever":4,"minecraft:bread":19,"minecraft:iron_axe":117,"minecraft:string":32,"minecraft:melon_slice":1,"minecraft:iron_pickaxe":22,"minecraft:barrel":1,"minecraft:stone_axe":89,"minecraft:tripwire_hook":6,"minecraft:cobblestone":3,"minecraft:hay_block":9,"minecraft:furnace":1,"minecraft:bucket":22},"minecraft:dropped":{"minecraft:water_bucket":1,"minecraft:stone_sword":1,"minecraft:oak_planks":1,"minecraft:poppy":5,"minecraft:hay_block":32,"minecraft:iron_axe":1,"minecraft:stone_pickaxe":2,"minecraft:string":64},"minecraft:crafted":{"minecraft:oak_planks":60,"minecraft:emerald":454,"minecraft:tripwire_hook":4,"minecraft:crafting_table":2,"minecraft:wooden_pickaxe":1,"minecraft:furnace":1,"minecraft:jungle_trapdoor":10,"minecraft:lever":2,"minecraft:bucket":2,"minecraft:stone_axe":1,"minecraft:jungle_slab":6,"minecraft:bread":24,"minecraft:jungle_planks":148,"minecraft:oak_trapdoor":2,"minecraft:hopper":2,"minecraft:white_wool":3,"minecraft:iron_axe":2,"minecraft:stick":28,"minecraft:iron_pickaxe":1,"minecraft:stone_pickaxe":1,"minecraft:stone_sword":1,"minecraft:chest":9,"minecraft:white_bed":2,"minecraft:torch":44,"minecraft:stone_hoe":1,"minecraft:shears":1,"minecraft:wheat":72},"minecraft:broken":{"minecraft:stone_axe":1},"minecraft:custom":{"minecraft:interact_with_furnace":2,"minecraft:mob_kills":37,"minecraft:inspect_hopper":16,"minecraft:traded_with_villager":454,"minecraft:interact_with_crafting_table":30,"minecraft:bell_ring":11,"minecraft:interact_with_grindstone":1,"minecraft:leave_game":4,"minecraft:time_since_death":86100,"minecraft:sleep_in_bed":7,"minecraft:climb_one_cm":1517,"minecraft:time_since_rest":6512,"minecraft:sprint_one_cm":242813,"minecraft:damage_taken":280,"minecraft:walk_one_cm":161768,"minecraft:drop":17,"minecraft:damage_dealt":11348,"minecraft:swim_one_cm":13600,"minecraft:talked_to_villager":81,"minecraft:fly_one_cm":371308,"minecraft:open_chest":81,"minecraft:crouch_one_cm":6847,"minecraft:play_time":86100,"minecraft:sneak_time":4201,"minecraft:walk_under_water_one_cm":3390,"minecraft:jump":1923,"minecraft:walk_on_water_one_cm":12377,"minecraft:total_world_time":86100,"minecraft:fall_one_cm":42835},"minecraft:picked_up":{"minecraft:cocoa_beans":3,"minecraft:crafting_table":6,"minecraft:tripwire_hook":2,"minecraft:jungle_log":37,"minecraft:leather":12,"minecraft:oak_log":15,"minecraft:gunpowder":1,"minecraft:dirt":39,"minecraft:oak_trapdoor":2,"minecraft:jungle_trapdoor":1,"minecraft:string":8987,"minecraft:wheat_seeds":6,"minecraft:stone_pickaxe":1,"minecraft:beef":23,"minecraft:iron_ingot":32,"minecraft:grindstone":1,"minecraft:poppy":6,"minecraft:melon_slice":34,"minecraft:oak_planks":9,"minecraft:raw_iron":11,"minecraft:oak_fence":2,"minecraft:porkchop":3,"minecraft:jungle_planks":48,"minecraft:white_bed":4,"minecraft:barrel":1,"minecraft:jungle_slab":6,"minecraft:spider_eye":1,"minecraft:rotten_flesh":3,"minecraft:lever":2,"minecraft:hay_block":74,"minecraft:granite":1,"minecraft:mutton":12,"minecraft:coal":31,"minecraft:white_wool":7,"minecraft:cobblestone":63},"minecraft:mined":{"minecraft:white_bed":4,"minecraft:jungle_slab":4,"minecraft:oak_fence":4,"minecraft:crafting_table":6,"minecraft:granite":1,"minecraft:short_grass":10,"minecraft:grass_block":21,"minecraft:melon":7,"minecraft:jungle_planks":48,"minecraft:jungle_log":37,"minecraft:tall_grass":2,"minecraft:cobblestone":3,"minecraft:grindstone":1,"minecraft:oak_planks":8,"minecraft:spawner":2,"minecraft:hay_block":74,"minecraft:oak_trapdoor":2,"minecraft:barrel":1,"minecraft:iron_ore":11,"minecraft:coal_ore":31,"minecraft:oak_log":15,"minecraft:vine":9,"minecraft:dirt":13,"minecraft:cobweb":11,"minecraft:stone":60,"minecraft:oak_leaves":26,"minecraft:tripwire":5,"minecraft:fern":4,"minecraft:jungle_trapdoor":1},"minecraft:killed":{"minecraft:cat":1,"minecraft:cave_spider":2,"minecraft:pig":1,"minecraft:iron_golem":8,"minecraft:creeper":1,"minecraft:sheep":7,"minecraft:zombie":3,"minecraft:cow":14}},"DataVersion":3953}