{"stats":{"minecraft:used":{"minecraft:oak_trapdoor":4,"minecraft:water_bucket":18,"minecraft:stone_sword":94,"minecraft:stone_pickaxe":84,"minecraft:oak_planks":11,"minecraft:chest":7,"minecraft:wooden_pickaxe":5,"minecraft:stone_hoe":70,"minecraft:dirt":23,"minecraft:hopper":2,"minecraft:crafting_table":8,"minecraft:jungle_planks":47,"minecraft:jungle_slab":6,"minecraft:white_bed":3,"minecraft:jungle_trapdoor":5,"minecraft:shears":15,"minecraft:lever":3,"minecraft:iron_axe":60,"minecraft:bread":12,"minecraft:string":29,"minecraft:melon_slice":1,"minecraft:iron_pickaxe":10,"minecraft:stone_axe":89,"minecraft:tripwire_hook":4,"minecraft:cobblestone":3,"minecraft:hay_block":3,"minecraft:bucket":18},"minecraft:dropped":{"minecraft:oak_planks":1,"minecraft:poppy":5,"minecraft:hay_block":32,"minecraft:stone_pickaxe":2,"minecraft:string":64},"minecraft:crafted":{"minecraft:oak_planks":60,"minecraft:tripwire_hook":2,"minecraft:crafting_table":2,"minecraft:wooden_pickaxe":1,"minecraft:jungle_trapdoor":4,"minecraft:lever":1,"minecraft:bucket":1,"minecraft:stone_axe":1,"minecraft:jungle_slab":6,"minecraft:bread":24,"minecraft:jungle_planks":68,"minecraft:oak_trapdoor":2,"minecraft:hopper":2,"minecraft:iron_axe":1,"minecraft:stick":16,"minecraft:iron_pickaxe":1,"minecraft:stone_pickaxe":1,"minecraft:stone_sword":1,"minecraft:chest":9,"minecraft:white_bed":1,"minecraft:stone_hoe":1,"minecraft:shears":1,"minecraft:wheat":72},"minecraft:broken":{"minecraft:stone_axe":1},"minecraft:custom":{"minecraft:mob_kills":35,"minecraft:interact_with_crafting_table":22,"minecraft:bell_ring":11,"minecraft:interact_with_grindstone":1,"minecraft:leave_game":4,"minecraft:time_since_death":50140,"minecraft:sleep_in_bed":4,"minecraft:climb_one_cm":708,"minecraft:time_since_rest":10526,"minecraft:sprint_one_cm":139483,"minecraft:damage_taken":230,"minecraft:walk_one_cm":81824,"minecraft:drop":14,"minecraft:damage_dealt":9164,"minecraft:swim_one_cm":13600,"minecraft:fly_one_cm":212793,"minecraft:open_chest":12,"minecraft:crouch_one_cm":4982,"minecraft:play_time":50140,"minecraft:sneak_time":3206,"minecraft:walk_under_water_one_cm":3390,"minecraft:jump":1158,"minecraft:walk_on_water_one_cm":10978,"minecraft:total_world_time":50140,"minecraft:fall_one_cm":28318},"minecraft:picked_up":{"minecraft:cocoa_beans":3,"minecraft:crafting_table":6,"minecraft:tripwire_hook":2,"minecraft:jungle_log":17,"minecraft:leather":12,"minecraft:oak_log":15,"minecraft:gunpowder":1,"minecraft:jungle_trapdoor":1,"minecraft:oak_trapdoor":2,"minecraft:dirt":27,"minecraft:string":924,"minecraft:wheat_seeds":6,"minecraft:grindstone":1,"minecraft:iron_ingot":23,"minecraft:beef":23,"minecraft:stone_pickaxe":1,"minecraft:poppy":5,"minecraft:melon_slice":34,"minecraft:oak_planks":9,"minecraft:raw_iron":11,"minecraft:porkchop":3,"minecraft:jungle_planks":42,"minecraft:white_bed":3,"minecraft:jungle_slab":6,"minecraft:spider_eye":1,"minecraft:rotten_flesh":3,"minecraft:lever":2,"minecraft:hay_block":68,"minecraft:granite":1,"minecraft:cobblestone":51,"minecraft:mutton":12,"minecraft:coal":31,"minecraft:white_wool":7},"minecraft:mined":{"minecraft:white_bed":3,"minecraft:jungle_slab":4,"minecraft:crafting_table":6,"minecraft:granite":1,"minecraft:short_grass":10,"minecraft:grass_block":21,"minecraft:melon":7,"minecraft:jungle_planks":42,"minecraft:jungle_log":17,"minecraft:cobblestone":3,"minecraft:tall_grass":2,"minecraft:grindstone":1,"minecraft:oak_planks":8,"minecraft:spawner":2,"minecraft:hay_block":68,"minecraft:oak_trapdoor":2,"minecraft:iron_ore":11,"minecraft:oak_log":15,"minecraft:coal_ore":31,"minecraft:vine":2,"minecraft:dirt":8,"minecraft:cobweb":11,"minecraft:stone":48,"minecraft:oak_leaves":23,"minecraft:tripwire":4,"minecraft:fern":4,"minecraft:jungle_trapdoor":1},"minecraft:killed":{"minecraft:cat":1,"minecraft:cave_spider":2,"minecraft:pig":1,"minecraft:iron_golem":6,"minecraft:creeper":1,"minecraft:sheep":7,"minecraft:zombie":3,"minecraft:cow":14}},"DataVersion":3953}