{"stats":{"minecraft:used":{"minecraft:oak_trapdoor":4,"minecraft:oak_fence":1,"minecraft:stone_sword":95,"minecraft:chest":11,"minecraft:shield":9,"minecraft:stone_hoe":70,"minecraft:torch":45,"minecraft:dirt":61,"minecraft:hopper":6,"minecraft:jungle_planks":68,"minecraft:jungle_slab":6,"minecraft:cod_bucket":1,"minecraft:jungle_trapdoor":11,"minecraft:iron_axe":216,"minecraft:barrel":1,"minecraft:tripwire_hook":6,"minecraft:hay_block":9,"minecraft:furnace":1,"minecraft:water_bucket":28,"minecraft:stone_pickaxe":84,"minecraft:oak_planks":11,"minecraft:wooden_pickaxe":5,"minecraft:crafting_table":8,"minecraft:white_bed":7,"minecraft:shears":16,"minecraft:lever":4,"minecraft:diamond_pickaxe":270,"minecraft:melon_slice":1,"minecraft:bread":37,"minecraft:string":32,"minecraft:iron_pickaxe":26,"minecraft:gravel":4,"minecraft:stone_axe":89,"minecraft:cobblestone":12,"minecraft:bucket":31},"minecraft:dropped":{"minecraft:stone_hoe":20,"minecraft:water_bucket":3,"minecraft:wheat_seeds":5,"minecraft:glow_ink_sac":3,"minecraft:smithing_table":2,"minecraft:granite":1,"minecraft:jungle_planks":2,"minecraft:coal":14,"minecraft:emerald":518,"minecraft:dirt":7,"minecraft:iron_axe":1,"minecraft:iron_pickaxe":5,"minecraft:smooth_stone":1,"minecraft:iron_shovel":6,"minecraft:string":65,"minecraft:stone_axe":17,"minecraft:stone_sword":1,"minecraft:rotten_flesh":5,"minecraft:oak_planks":1,"minecraft:diamond_shovel":6,"minecraft:poppy":6,"minecraft:hay_block":32,"minecraft:diamond_pickaxe":2,"minecraft:oak_sapling":1,"minecraft:arrow":2,"minecraft:stone_pickaxe":2},"minecraft:crafted":{"minecraft:oak_planks":60,"minecraft:tripwire_hook":4,"minecraft:furnace":1,"minecraft:jungle_trapdoor":10,"minecraft:lever":2,"minecraft:diamond_shovel":6,"minecraft:oak_trapdoor":2,"minecraft:hopper":4,"minecraft:iron_axe":2,"minecraft:stone_pickaxe":1,"minecraft:chest":15,"minecraft:cod_bucket":1,"minecraft:stone_hoe":11,"minecraft:wheat":162,"minecraft:emerald":526,"minecraft:crafting_table":2,"minecraft:wooden_pickaxe":1,"minecraft:smithing_table":2,"minecraft:bucket":2,"minecraft:stone_axe":11,"minecraft:jungle_slab":6,"minecraft:bread":54,"minecraft:air":0,"minecraft:jungle_planks":176,"minecraft:white_wool":3,"minecraft:diamond_pickaxe":3,"minecraft:shield":1,"minecraft:stick":28,"minecraft:iron_ingot":11,"minecraft:iron_pickaxe":4,"minecraft:stone_sword":1,"minecraft:iron_shovel":3,"minecraft:white_bed":2,"minecraft:torch":44,"minecraft:shears":1},"minecraft:broken":{"minecraft:stone_axe":1},"minecraft:custom":{"minecraft:mob_kills":53,"minecraft:inspect_hopper":33,"minecraft:interact_with_crafting_table":37,"minecraft:bell_ring":11,"minecraft:leave_game":7,"minecraft:time_since_death":143131,"minecraft:climb_one_cm":2418,"minecraft:sprint_one_cm":405847,"minecraft:walk_one_cm":259452,"minecraft:damage_blocked_by_shield":344,"minecraft:drop":100,"minecraft:talked_to_villager":108,"minecraft:play_time":143131,"minecraft:sneak_time":7358,"minecraft:walk_under_water_one_cm":9219,"minecraft:jump":3324,"minecraft:walk_on_water_one_cm":29925,"minecraft:total_world_time":143131,"minecraft:interact_with_furnace":7,"minecraft:traded_with_villager":562,"minecraft:interact_with_grindstone":1,"minecraft:sleep_in_bed":10,"minecraft:time_since_rest":26058,"minecraft:damage_taken":701,"minecraft:damage_dealt":18783,"minecraft:swim_one_cm":19969,"minecraft:fly_one_cm":676171,"minecraft:open_chest":170,"minecraft:crouch_one_cm":11247,"minecraft:fall_one_cm":78411},"minecraft:picked_up":{"minecraft:cocoa_beans":3,"minecraft:crafting_table":6,"minecraft:jungle_trapdoor":1,"minecraft:string":15106,"minecraft:oak_trapdoor":2,"minecraft:iron_shovel":3,"minecraft:cobbled_deepslate":113,"minecraft:smooth_stone":1,"minecraft:bucket":1,"minecraft:beef":23,"minecraft:poppy":7,"minecraft:iron_pickaxe":3,"minecraft:melon_slice":34,"minecraft:raw_iron":18,"minecraft:oak_fence":2,"minecraft:torch":1,"minecraft:acacia_log":9,"minecraft:porkchop":3,"minecraft:redstone":82,"minecraft:rotten_flesh":11,"minecraft:arrow":4,"minecraft:hay_block":74,"minecraft:obsidian":14,"minecraft:mutton":12,"minecraft:cobblestone":122,"minecraft:white_wool":7,"minecraft:andesite":1,"minecraft:tripwire_hook":2,"minecraft:glow_ink_sac":3,"minecraft:water_bucket":1,"minecraft:jungle_log":44,"minecraft:leather":12,"minecraft:flint":2,"minecraft:tuff":6,"minecraft:oak_log":15,"minecraft:gunpowder":1,"minecraft:dirt":76,"minecraft:acacia_planks":1,"minecraft:wheat_seeds":6,"minecraft:raw_gold":9,"minecraft:stone_pickaxe":1,"minecraft:grindstone":1,"minecraft:iron_ingot":56,"minecraft:oak_planks":9,"minecraft:stone_hoe":10,"minecraft:gravel":7,"minecraft:jungle_planks":55,"minecraft:white_bed":5,"minecraft:barrel":1,"minecraft:spider_eye":3,"minecraft:jungle_slab":6,"minecraft:diamond_shovel":3,"minecraft:diamond":33,"minecraft:stone_axe":7,"minecraft:lever":2,"minecraft:granite":1,"minecraft:emerald":35,"minecraft:oak_sapling":1,"minecraft:coal":34,"minecraft:hopper":2},"minecraft:mined":{"minecraft:tuff":6,"minecraft:white_bed":5,"minecraft:deepslate_diamond_ore":33,"minecraft:jungle_slab":4,"minecraft:jungle_leaves":2,"minecraft:obsidian":15,"minecraft:granite":1,"minecraft:acacia_log":9,"minecraft:grass_block":26,"minecraft:jungle_planks":53,"minecraft:jungle_log":44,"minecraft:hopper":2,"minecraft:spawner":3,"minecraft:hay_block":74,"minecraft:smooth_stone":1,"minecraft:oak_trapdoor":2,"minecraft:iron_ore":12,"minecraft:barrel":1,"minecraft:andesite":1,"minecraft:deepslate_iron_ore":6,"minecraft:vine":10,"minecraft:dirt_path":1,"minecraft:stone":121,"minecraft:tripwire":5,"minecraft:jungle_trapdoor":1,"minecraft:deepslate_redstone_ore":18,"minecraft:oak_fence":4,"minecraft:crafting_table":6,"minecraft:short_grass":10,"minecraft:melon":7,"minecraft:tall_grass":2,"minecraft:cobblestone":3,"minecraft:deepslate_gold_ore":10,"minecraft:grindstone":1,"minecraft:oak_planks":8,"minecraft:oak_log":17,"minecraft:coal_ore":34,"minecraft:gravel":9,"minecraft:dirt":34,"minecraft:cobweb":11,"minecraft:oak_leaves":28,"minecraft:deepslate":114,"minecraft:fern":4},"minecraft:killed":{"minecraft:cave_spider":2,"minecraft:spider":2,"minecraft:skeleton":2,"minecraft:cat":1,"minecraft:pig":1,"minecraft:iron_golem":14,"minecraft:creeper":1,"minecraft:sheep":7,"minecraft:zombie":9,"minecraft:cow":14}},"DataVersion":3953}