{"stats":{"minecraft:used":{"minecraft:oak_fence":1,"minecraft:oak_trapdoor":4,"minecraft:water_bucket":21,"minecraft:stone_sword":95,"minecraft:stone_pickaxe":84,"minecraft:oak_planks":11,"minecraft:chest":7,"minecraft:wooden_pickaxe":5,"minecraft:stone_hoe":70,"minecraft:dirt":31,"minecraft:crafting_table":8,"minecraft:hopper":2,"minecraft:jungle_planks":60,"minecraft:jungle_slab":6,"minecraft:white_bed":6,"minecraft:jungle_trapdoor":11,"minecraft:shears":16,"minecraft:lever":4,"minecraft:bread":16,"minecraft:iron_axe":106,"minecraft:string":31,"minecraft:melon_slice":1,"minecraft:iron_pickaxe":22,"minecraft:barrel":1,"minecraft:stone_axe":89,"minecraft:tripwire_hook":6,"minecraft:cobblestone":3,"minecraft:hay_block":9,"minecraft:bucket":22},"minecraft:dropped":{"minecraft:water_bucket":1,"minecraft:stone_sword":1,"minecraft:oak_planks":1,"minecraft:poppy":5,"minecraft:hay_block":32,"minecraft:iron_axe":1,"minecraft:stone_pickaxe":2,"minecraft:string":64},"minecraft:crafted":{"minecraft:oak_planks":60,"minecraft:emerald":277,"minecraft:tripwire_hook":4,"minecraft:crafting_table":2,"minecraft:wooden_pickaxe":1,"minecraft:jungle_trapdoor":10,"minecraft:lever":2,"minecraft:bucket":2,"minecraft:stone_axe":1,"minecraft:jungle_slab":6,"minecraft:bread":24,"minecraft:jungle_planks":148,"minecraft:oak_trapdoor":2,"minecraft:hopper":2,"minecraft:white_wool":3,"minecraft:iron_axe":2,"minecraft:stick":20,"minecraft:iron_pickaxe":1,"minecraft:stone_pickaxe":1,"minecraft:stone_sword":1,"minecraft:chest":9,"minecraft:white_bed":2,"minecraft:stone_hoe":1,"minecraft:shears":1,"minecraft:wheat":72},"minecraft:broken":{"minecraft:stone_axe":1},"minecraft:custom":{"minecraft:mob_kills":36,"minecraft:inspect_hopper":8,"minecraft:traded_with_villager":277,"minecraft:interact_with_crafting_table":29,"minecraft:bell_ring":11,"minecraft:interact_with_grindstone":1,"minecraft:leave_game":4,"minecraft:time_since_death":74100,"minecraft:sleep_in_bed":6,"minecraft:climb_one_cm":1517,"minecraft:time_since_rest":8074,"minecraft:sprint_one_cm":198526,"minecraft:damage_taken":280,"minecraft:walk_one_cm":140043,"minecraft:drop":17,"minecraft:damage_dealt":10348,"minecraft:swim_one_cm":13600,"minecraft:talked_to_villager":56,"minecraft:fly_one_cm":300977,"minecraft:open_chest":49,"minecraft:crouch_one_cm":6631,"minecraft:play_time":74100,"minecraft:sneak_time":3931,"minecraft:walk_under_water_one_cm":3390,"minecraft:jump":1639,"minecraft:walk_on_water_one_cm":11830,"minecraft:total_world_time":74100,"minecraft:fall_one_cm":37736},"minecraft:picked_up":{"minecraft:cocoa_beans":3,"minecraft:crafting_table":6,"minecraft:tripwire_hook":2,"minecraft:jungle_log":37,"minecraft:leather":12,"minecraft:oak_log":15,"minecraft:gunpowder":1,"minecraft:dirt":34,"minecraft:oak_trapdoor":2,"minecraft:jungle_trapdoor":1,"minecraft:string":3973,"minecraft:wheat_seeds":6,"minecraft:stone_pickaxe":1,"minecraft:beef":23,"minecraft:iron_ingot":28,"minecraft:grindstone":1,"minecraft:poppy":5,"minecraft:melon_slice":34,"minecraft:oak_planks":9,"minecraft:raw_iron":11,"minecraft:oak_fence":2,"minecraft:porkchop":3,"minecraft:jungle_planks":45,"minecraft:white_bed":4,"minecraft:barrel":1,"minecraft:jungle_slab":6,"minecraft:spider_eye":1,"minecraft:rotten_flesh":3,"minecraft:lever":2,"minecraft:hay_block":74,"minecraft:granite":1,"minecraft:mutton":12,"minecraft:coal":31,"minecraft:white_wool":7,"minecraft:cobblestone":63},"minecraft:mined":{"minecraft:white_bed":4,"minecraft:jungle_slab":4,"minecraft:oak_fence":4,"minecraft:crafting_table":6,"minecraft:granite":1,"minecraft:short_grass":10,"minecraft:grass_block":21,"minecraft:melon":7,"minecraft:jungle_planks":45,"minecraft:jungle_log":37,"minecraft:tall_grass":2,"minecraft:cobblestone":3,"minecraft:grindstone":1,"minecraft:oak_planks":8,"minecraft:spawner":2,"minecraft:hay_block":74,"minecraft:oak_trapdoor":2,"minecraft:barrel":1,"minecraft:iron_ore":11,"minecraft:coal_ore":31,"minecraft:oak_log":15,"minecraft:vine":9,"minecraft:dirt":13,"minecraft:cobweb":11,"minecraft:stone":60,"minecraft:oak_leaves":26,"minecraft:tripwire":4,"minecraft:fern":4,"minecraft:jungle_trapdoor":1},"minecraft:killed":{"minecraft:cat":1,"minecraft:cave_spider":2,"minecraft:pig":1,"minecraft:iron_golem":7,"minecraft:creeper":1,"minecraft:sheep":7,"minecraft:zombie":3,"minecraft:cow":14}},"DataVersion":3953}