{"stats":{"minecraft:killed":{"minecraft:pig":1,"minecraft:iron_golem":1},"minecraft:crafted":{"minecraft:oak_planks":16,"minecraft:crafting_table":2,"minecraft:stick":8,"minecraft:wooden_pickaxe":1,"minecraft:stone_pickaxe":1,"minecraft:bucket":1,"minecraft:stone_hoe":1,"minecraft:stone_axe":1},"minecraft:mined":{"minecraft:hay_block":27,"minecraft:crafting_table":1,"minecraft:short_grass":1,"minecraft:grass_block":2,"minecraft:oak_log":4,"minecraft:dirt":5,"minecraft:tall_grass":1,"minecraft:stone":39,"minecraft:oak_leaves":5},"minecraft:used":{"minecraft:water_bucket":1,"minecraft:stone_pickaxe":36,"minecraft:wooden_pickaxe":3,"minecraft:stone_hoe":29,"minecraft:stone_axe":11,"minecraft:hay_block":3,"minecraft:crafting_table":2,"minecraft:bucket":2},"minecraft:picked_up":{"minecraft:crafting_table":1,"minecraft:porkchop":3,"minecraft:oak_log":4,"minecraft:dirt":7,"minecraft:wheat_seeds":1,"minecraft:hay_block":27,"minecraft:iron_ingot":4,"minecraft:cobblestone":39},"minecraft:custom":{"minecraft:time_since_rest":5972,"minecraft:sprint_one_cm":21134,"minecraft:damage_taken":20,"minecraft:walk_one_cm":11245,"minecraft:mob_kills":2,"minecraft:damage_dealt":1098,"minecraft:interact_with_crafting_table":5,"minecraft:fly_one_cm":31384,"minecraft:open_chest":1,"minecraft:crouch_one_cm":295,"minecraft:play_time":5972,"minecraft:sneak_time":399,"minecraft:bell_ring":11,"minecraft:jump":152,"minecraft:time_since_death":5972,"minecraft:total_world_time":5972,"minecraft:fall_one_cm":2821}},"DataVersion":3953}