{"stats":{"minecraft:killed":{"minecraft:sheep":7,"minecraft:cat":1,"minecraft:zombie":1,"minecraft:pig":1,"minecraft:iron_golem":2,"minecraft:cow":12},"minecraft:crafted":{"minecraft:oak_planks":44,"minecraft:crafting_table":2,"minecraft:stick":8,"minecraft:wooden_pickaxe":1,"minecraft:stone_pickaxe":1,"minecraft:stone_sword":1,"minecraft:white_bed":1,"minecraft:bucket":1,"minecraft:stone_hoe":1,"minecraft:stone_axe":1,"minecraft:bread":24,"minecraft:wheat":72},"minecraft:mined":{"minecraft:hay_block":68,"minecraft:white_bed":1,"minecraft:iron_ore":4,"minecraft:crafting_table":4,"minecraft:short_grass":4,"minecraft:coal_ore":31,"minecraft:grass_block":2,"minecraft:oak_log":11,"minecraft:melon":7,"minecraft:cobweb":4,"minecraft:dirt":5,"minecraft:cobblestone":3,"minecraft:tall_grass":2,"minecraft:grindstone":1,"minecraft:stone":45,"minecraft:oak_leaves":12,"minecraft:spawner":2},"minecraft:used":{"minecraft:water_bucket":5,"minecraft:stone_sword":4,"minecraft:bread":5,"minecraft:stone_pickaxe":83,"minecraft:wooden_pickaxe":3,"minecraft:stone_hoe":70,"minecraft:stone_axe":68,"minecraft:cobblestone":3,"minecraft:hay_block":3,"minecraft:crafting_table":5,"minecraft:bucket":6,"minecraft:white_bed":1},"minecraft:dropped":{"minecraft:hay_block":8},"minecraft:picked_up":{"minecraft:raw_iron":4,"minecraft:crafting_table":4,"minecraft:leather":10,"minecraft:porkchop":3,"minecraft:oak_log":11,"minecraft:white_bed":1,"minecraft:string":8,"minecraft:dirt":7,"minecraft:wheat_seeds":1,"minecraft:grindstone":1,"minecraft:hay_block":68,"minecraft:beef":19,"minecraft:iron_ingot":8,"minecraft:melon_slice":34,"minecraft:mutton":12,"minecraft:coal":31,"minecraft:white_wool":7,"minecraft:cobblestone":48},"minecraft:custom":{"minecraft:time_since_rest":6020,"minecraft:sprint_one_cm":69967,"minecraft:damage_taken":65,"minecraft:walk_one_cm":32539,"minecraft:mob_kills":24,"minecraft:drop":8,"minecraft:damage_dealt":4157,"minecraft:swim_one_cm":9564,"minecraft:interact_with_crafting_table":8,"minecraft:fly_one_cm":116840,"minecraft:open_chest":1,"minecraft:crouch_one_cm":1176,"minecraft:play_time":17972,"minecraft:sneak_time":1019,"minecraft:bell_ring":11,"minecraft:walk_under_water_one_cm":1590,"minecraft:interact_with_grindstone":1,"minecraft:jump":519,"minecraft:walk_on_water_one_cm":2461,"minecraft:time_since_death":17972,"minecraft:sleep_in_bed":1,"minecraft:climb_one_cm":398,"minecraft:total_world_time":17972,"minecraft:fall_one_cm":12102}},"DataVersion":3953}