{"stats":{"minecraft:used":{"minecraft:stone_shovel":345,"minecraft:stone_pickaxe":35,"minecraft:wooden_pickaxe":16,"minecraft:bell":2,"minecraft:cobblestone_slab":24,"minecraft:sugar_cane":18,"minecraft:dirt":210,"minecraft:crafting_table":1,"minecraft:carrot":13,"minecraft:white_bed":3,"minecraft:bread":11,"minecraft:melon_slice":4,"minecraft:map":2,"minecraft:stone_axe":155,"minecraft:yellow_bed":5,"minecraft:potato":9},"minecraft:dropped":{"minecraft:bread":88},"minecraft:crafted":{"minecraft:oak_planks":20,"minecraft:cobblestone_slab":18,"minecraft:stone_shovel":3,"minecraft:crafting_table":1,"minecraft:wooden_pickaxe":1,"minecraft:yellow_bed":1,"minecraft:stone_axe":1,"minecraft:bread":165,"minecraft:stick":12,"minecraft:stone_pickaxe":1,"minecraft:white_bed":1,"minecraft:wheat":495},"minecraft:broken":{"minecraft:stone_shovel":2},"minecraft:custom":{"minecraft:mob_kills":1,"minecraft:interact_with_crafting_table":16,"minecraft:bell_ring":5,"minecraft:leave_game":2,"minecraft:time_since_death":45469,"minecraft:sleep_in_bed":2,"minecraft:climb_one_cm":6,"minecraft:time_since_rest":20481,"minecraft:sprint_one_cm":154032,"minecraft:damage_taken":220,"minecraft:walk_one_cm":101257,"minecraft:drop":30,"minecraft:damage_dealt":134,"minecraft:swim_one_cm":45539,"minecraft:talked_to_villager":3,"minecraft:fly_one_cm":200272,"minecraft:open_chest":14,"minecraft:crouch_one_cm":6470,"minecraft:play_time":45469,"minecraft:sneak_time":1491,"minecraft:walk_under_water_one_cm":2068,"minecraft:jump":907,"minecraft:walk_on_water_one_cm":3987,"minecraft:total_world_time":45469,"minecraft:fall_one_cm":30241},"minecraft:picked_up":{"minecraft:crafting_table":1,"minecraft:jungle_log":5,"minecraft:yellow_wool":6,"minecraft:potato":9,"minecraft:oak_log":5,"minecraft:string":33,"minecraft:yellow_bed":5,"minecraft:oak_trapdoor":8,"minecraft:cornflower":2,"minecraft:dirt":255,"minecraft:wheat_seeds":60,"minecraft:cartography_table":1,"minecraft:bell":2,"minecraft:cobblestone_slab":12,"minecraft:stripped_oak_wood":1,"minecraft:poppy":2,"minecraft:sugar_cane":18,"minecraft:melon_slice":5,"minecraft:oak_planks":9,"minecraft:oak_slab":12,"minecraft:stick":1,"minecraft:oak_door":7,"minecraft:composter":2,"minecraft:oak_fence":29,"minecraft:torch":8,"minecraft:dandelion":13,"minecraft:white_bed":2,"minecraft:carrot":13,"minecraft:mossy_cobblestone":13,"minecraft:hay_block":55,"minecraft:oak_sapling":7,"minecraft:white_wool":6,"minecraft:cobblestone":20,"minecraft:oxeye_daisy":3},"minecraft:mined":{"minecraft:oak_slab":12,"minecraft:white_bed":2,"minecraft:mossy_cobblestone":13,"minecraft:oak_door":7,"minecraft:jungle_leaves":2,"minecraft:dandelion":14,"minecraft:oak_fence":29,"minecraft:crafting_table":1,"minecraft:cornflower":2,"minecraft:short_grass":185,"minecraft:grass_block":66,"minecraft:poppy":2,"minecraft:melon":1,"minecraft:jungle_log":5,"minecraft:tall_grass":5,"minecraft:cobblestone":4,"minecraft:cartography_table":1,"minecraft:composter":2,"minecraft:oak_planks":9,"minecraft:sugar_cane":9,"minecraft:oxeye_daisy":3,"minecraft:hay_block":23,"minecraft:oak_trapdoor":8,"minecraft:carrots":13,"minecraft:yellow_wool":6,"minecraft:wheat":32,"minecraft:stripped_oak_wood":1,"minecraft:yellow_bed":5,"minecraft:bell":2,"minecraft:potatoes":9,"minecraft:oak_log":6,"minecraft:dirt_path":129,"minecraft:cobblestone_slab":12,"minecraft:vine":1,"minecraft:dirt":68,"minecraft:stone":16,"minecraft:white_wool":6,"minecraft:oak_leaves":4,"minecraft:fern":9},"minecraft:killed":{"minecraft:cat":1}},"DataVersion":3953}