{"stats":{"minecraft:killed":{"minecraft:cat":1},"minecraft:crafted":{"minecraft:oak_planks":20,"minecraft:cobblestone_slab":18,"minecraft:stone_shovel":1,"minecraft:crafting_table":1,"minecraft:wooden_pickaxe":1,"minecraft:yellow_bed":1,"minecraft:stone_axe":1,"minecraft:bread":93,"minecraft:stick":8,"minecraft:stone_pickaxe":1,"minecraft:white_bed":1,"minecraft:wheat":279},"minecraft:mined":{"minecraft:oak_slab":12,"minecraft:white_bed":2,"minecraft:oak_door":7,"minecraft:jungle_leaves":2,"minecraft:dandelion":11,"minecraft:cornflower":2,"minecraft:crafting_table":1,"minecraft:oak_fence":29,"minecraft:short_grass":141,"minecraft:grass_block":25,"minecraft:poppy":2,"minecraft:melon":1,"minecraft:jungle_log":5,"minecraft:tall_grass":5,"minecraft:oak_planks":9,"minecraft:composter":2,"minecraft:sugar_cane":9,"minecraft:cartography_table":1,"minecraft:oxeye_daisy":2,"minecraft:hay_block":23,"minecraft:oak_trapdoor":8,"minecraft:carrots":13,"minecraft:yellow_wool":6,"minecraft:wheat":32,"minecraft:stripped_oak_wood":1,"minecraft:yellow_bed":5,"minecraft:bell":2,"minecraft:potatoes":9,"minecraft:oak_log":6,"minecraft:dirt_path":26,"minecraft:cobblestone_slab":12,"minecraft:vine":1,"minecraft:dirt":42,"minecraft:stone":16,"minecraft:white_wool":6,"minecraft:oak_leaves":4,"minecraft:fern":2},"minecraft:used":{"minecraft:stone_shovel":145,"minecraft:stone_pickaxe":18,"minecraft:wooden_pickaxe":16,"minecraft:bell":2,"minecraft:sugar_cane":18,"minecraft:cobblestone_slab":24,"minecraft:dirt":9,"minecraft:crafting_table":1,"minecraft:carrot":13,"minecraft:white_bed":3,"minecraft:bread":8,"minecraft:melon_slice":4,"minecraft:map":2,"minecraft:stone_axe":155,"minecraft:yellow_bed":5,"minecraft:potato":9},"minecraft:picked_up":{"minecraft:crafting_table":1,"minecraft:jungle_log":5,"minecraft:yellow_wool":6,"minecraft:potato":9,"minecraft:oak_log":5,"minecraft:yellow_bed":5,"minecraft:cornflower":1,"minecraft:oak_trapdoor":8,"minecraft:dirt":86,"minecraft:wheat_seeds":48,"minecraft:cartography_table":1,"minecraft:bell":2,"minecraft:stripped_oak_wood":1,"minecraft:cobblestone_slab":12,"minecraft:poppy":2,"minecraft:melon_slice":5,"minecraft:sugar_cane":18,"minecraft:oak_planks":9,"minecraft:oak_slab":12,"minecraft:stick":1,"minecraft:oak_door":7,"minecraft:composter":2,"minecraft:oak_fence":29,"minecraft:torch":8,"minecraft:dandelion":11,"minecraft:white_bed":2,"minecraft:carrot":13,"minecraft:hay_block":31,"minecraft:oak_sapling":7,"minecraft:white_wool":6,"minecraft:cobblestone":16,"minecraft:oxeye_daisy":2},"minecraft:dropped":{"minecraft:bread":88},"minecraft:custom":{"minecraft:mob_kills":1,"minecraft:interact_with_crafting_table":11,"minecraft:bell_ring":5,"minecraft:climb_one_cm":6,"minecraft:time_since_death":29970,"minecraft:sleep_in_bed":2,"minecraft:time_since_rest":4982,"minecraft:sprint_one_cm":124536,"minecraft:damage_taken":200,"minecraft:walk_one_cm":58627,"minecraft:drop":30,"minecraft:damage_dealt":100,"minecraft:swim_one_cm":45539,"minecraft:talked_to_villager":3,"minecraft:fly_one_cm":184454,"minecraft:open_chest":7,"minecraft:crouch_one_cm":6364,"minecraft:play_time":29970,"minecraft:sneak_time":1435,"minecraft:walk_under_water_one_cm":2068,"minecraft:jump":794,"minecraft:walk_on_water_one_cm":3987,"minecraft:total_world_time":29970,"minecraft:fall_one_cm":28660}},"DataVersion":3953}