{"stats":{"minecraft:crafted":{"minecraft:oak_planks":20,"minecraft:cobblestone_slab":18,"minecraft:stone_shovel":1,"minecraft:crafting_table":1,"minecraft:stick":8,"minecraft:wooden_pickaxe":1,"minecraft:stone_pickaxe":1,"minecraft:white_bed":1,"minecraft:yellow_bed":1,"minecraft:stone_axe":1,"minecraft:bread":24,"minecraft:wheat":279},"minecraft:mined":{"minecraft:hay_block":23,"minecraft:white_bed":2,"minecraft:carrots":13,"minecraft:yellow_wool":3,"minecraft:oak_door":7,"minecraft:wheat":32,"minecraft:yellow_bed":4,"minecraft:oak_fence":2,"minecraft:crafting_table":1,"minecraft:bell":2,"minecraft:short_grass":63,"minecraft:potatoes":9,"minecraft:grass_block":22,"minecraft:oak_log":6,"minecraft:melon":1,"minecraft:cobblestone_slab":2,"minecraft:dirt":42,"minecraft:tall_grass":2,"minecraft:sugar_cane":9,"minecraft:stone":16,"minecraft:composter":2,"minecraft:cartography_table":1,"minecraft:white_wool":3,"minecraft:fern":1},"minecraft:used":{"minecraft:bread":7,"minecraft:stone_shovel":81,"minecraft:stone_pickaxe":6,"minecraft:wooden_pickaxe":16,"minecraft:sugar_cane":18,"minecraft:cobblestone_slab":14,"minecraft:bell":2,"minecraft:stone_axe":30,"minecraft:dirt":9,"minecraft:crafting_table":1,"minecraft:carrot":13,"minecraft:potato":9,"minecraft:white_bed":3,"minecraft:yellow_bed":4},"minecraft:picked_up":{"minecraft:crafting_table":1,"minecraft:oak_door":7,"minecraft:yellow_wool":3,"minecraft:composter":2,"minecraft:oak_fence":2,"minecraft:potato":9,"minecraft:oak_log":5,"minecraft:carrot":13,"minecraft:yellow_bed":4,"minecraft:white_bed":2,"minecraft:dirt":58,"minecraft:wheat_seeds":37,"minecraft:cartography_table":1,"minecraft:bell":2,"minecraft:hay_block":31,"minecraft:cobblestone_slab":2,"minecraft:melon_slice":5,"minecraft:sugar_cane":18,"minecraft:white_wool":3,"minecraft:cobblestone":16},"minecraft:custom":{"minecraft:time_since_rest":6230,"minecraft:sprint_one_cm":82827,"minecraft:damage_taken":150,"minecraft:walk_one_cm":41422,"minecraft:talked_to_villager":3,"minecraft:interact_with_crafting_table":10,"minecraft:fly_one_cm":134204,"minecraft:open_chest":5,"minecraft:crouch_one_cm":2518,"minecraft:play_time":17970,"minecraft:bell_ring":5,"minecraft:sneak_time":618,"minecraft:jump":572,"minecraft:walk_on_water_one_cm":441,"minecraft:time_since_death":17970,"minecraft:sleep_in_bed":1,"minecraft:total_world_time":17970,"minecraft:fall_one_cm":19334}},"DataVersion":3953}