{"stats":{"minecraft:used":{"minecraft:oak_fence":40,"minecraft:stone_shovel":755,"minecraft:chest":1,"minecraft:bell":2,"minecraft:stone_hoe":23,"minecraft:torch":11,"minecraft:dirt":397,"minecraft:carrot":88,"minecraft:jungle_slab":6,"minecraft:oak_wood":10,"minecraft:iron_axe":165,"minecraft:barrel":22,"minecraft:furnace":3,"minecraft:potato":41,"minecraft:water_bucket":5,"minecraft:stone_pickaxe":36,"minecraft:wooden_pickaxe":16,"minecraft:sugar_cane":18,"minecraft:cobblestone_slab":26,"minecraft:crafting_table":1,"minecraft:white_bed":3,"minecraft:shears":1,"minecraft:oak_log":22,"minecraft:wooden_hoe":59,"minecraft:diamond_pickaxe":7,"minecraft:diamond_shovel":94,"minecraft:melon_slice":4,"minecraft:bread":25,"minecraft:string":12,"minecraft:map":2,"minecraft:stone_axe":193,"minecraft:smithing_table":2,"minecraft:bucket":4,"minecraft:yellow_bed":8,"minecraft:smooth_stone_slab":2,"minecraft:smooth_stone":14},"minecraft:dropped":{"minecraft:stone_hoe":10,"minecraft:bread":88,"minecraft:wheat_seeds":15,"minecraft:granite":1,"minecraft:oxeye_daisy":3,"minecraft:dirt":6,"minecraft:cornflower":2,"minecraft:bucket":1,"minecraft:dandelion":14,"minecraft:stone_shovel":1,"minecraft:rotten_flesh":1,"minecraft:diamond_shovel":1,"minecraft:poppy":3,"minecraft:oak_sapling":10},"minecraft:crafted":{"minecraft:smooth_stone":19,"minecraft:oak_planks":40,"minecraft:cobblestone_slab":18,"minecraft:stone_shovel":6,"minecraft:barrel":11,"minecraft:smooth_stone_slab":12,"minecraft:furnace":3,"minecraft:stone":84,"minecraft:yellow_bed":2,"minecraft:stone_pickaxe":1,"minecraft:chest":1,"minecraft:stone_hoe":1,"minecraft:wheat":495,"minecraft:emerald":112,"minecraft:crafting_table":1,"minecraft:wooden_pickaxe":1,"minecraft:oak_wood":12,"minecraft:stone_axe":1,"minecraft:jungle_slab":42,"minecraft:bread":165,"minecraft:air":0,"minecraft:jungle_planks":80,"minecraft:wooden_hoe":1,"minecraft:emerald_block":52,"minecraft:stick":24,"minecraft:white_bed":1},"minecraft:broken":{"minecraft:iron_axe":1,"minecraft:stone_axe":1,"minecraft:wooden_hoe":1,"minecraft:stone_shovel":5},"minecraft:custom":{"minecraft:mob_kills":1,"minecraft:inspect_hopper":1,"minecraft:interact_with_crafting_table":46,"minecraft:open_barrel":4,"minecraft:bell_ring":5,"minecraft:leave_game":5,"minecraft:time_since_death":134040,"minecraft:climb_one_cm":2621,"minecraft:sprint_one_cm":340910,"minecraft:walk_one_cm":358131,"minecraft:drop":56,"minecraft:talked_to_villager":55,"minecraft:play_time":134040,"minecraft:sneak_time":4329,"minecraft:walk_under_water_one_cm":2068,"minecraft:jump":2237,"minecraft:walk_on_water_one_cm":4929,"minecraft:total_world_time":134040,"minecraft:interact_with_furnace":41,"minecraft:traded_with_villager":112,"minecraft:sleep_in_bed":9,"minecraft:time_since_rest":2725,"minecraft:damage_taken":368,"minecraft:damage_dealt":164,"minecraft:swim_one_cm":45539,"minecraft:fly_one_cm":433411,"minecraft:open_chest":81,"minecraft:crouch_one_cm":18200,"minecraft:fall_one_cm":57539},"minecraft:picked_up":{"minecraft:crafting_table":1,"minecraft:yellow_wool":6,"minecraft:smithing_table":2,"minecraft:cornflower":2,"minecraft:string":1740,"minecraft:oak_trapdoor":8,"minecraft:iron_axe":1,"minecraft:cartography_table":1,"minecraft:smooth_stone":2,"minecraft:cobblestone_slab":14,"minecraft:poppy":4,"minecraft:sugar_cane":19,"minecraft:melon_slice":5,"minecraft:stick":1,"minecraft:oak_door":7,"minecraft:composter":2,"minecraft:oak_fence":67,"minecraft:torch":13,"minecraft:carrot":88,"minecraft:rotten_flesh":1,"minecraft:hay_block":55,"minecraft:cobblestone":20,"minecraft:white_wool":6,"minecraft:oxeye_daisy":3,"minecraft:water_bucket":2,"minecraft:jungle_log":20,"minecraft:potato":44,"minecraft:oak_log":104,"minecraft:yellow_bed":7,"minecraft:dirt":842,"minecraft:wheat_seeds":81,"minecraft:bell":2,"minecraft:stripped_oak_wood":1,"minecraft:oak_planks":9,"minecraft:stone_hoe":10,"minecraft:oak_slab":12,"minecraft:dandelion":14,"minecraft:poisonous_potato":1,"minecraft:white_bed":2,"minecraft:jungle_slab":1,"minecraft:barrel":17,"minecraft:mossy_cobblestone":13,"minecraft:diamond_shovel":2,"minecraft:granite":1,"minecraft:oak_sapling":10,"minecraft:coal":14,"minecraft:diamond_pickaxe":1},"minecraft:mined":{"minecraft:white_bed":2,"minecraft:mossy_cobblestone":13,"minecraft:oak_door":7,"minecraft:jungle_slab":1,"minecraft:jungle_leaves":2,"minecraft:grass_block":292,"minecraft:jungle_log":20,"minecraft:cartography_table":1,"minecraft:composter":2,"minecraft:oxeye_daisy":3,"minecraft:hay_block":23,"minecraft:smooth_stone":1,"minecraft:oak_trapdoor":8,"minecraft:carrots":43,"minecraft:barrel":17,"minecraft:bell":2,"minecraft:potatoes":25,"minecraft:vine":8,"minecraft:cobblestone_slab":14,"minecraft:dirt_path":170,"minecraft:stone":16,"minecraft:white_wool":6,"minecraft:tripwire":5,"minecraft:oak_slab":12,"minecraft:dandelion":14,"minecraft:crafting_table":1,"minecraft:oak_fence":66,"minecraft:cornflower":2,"minecraft:torch":1,"minecraft:short_grass":233,"minecraft:poppy":2,"minecraft:melon":1,"minecraft:tall_grass":5,"minecraft:cobblestone":4,"minecraft:sugar_cane":9,"minecraft:oak_planks":9,"minecraft:wall_torch":1,"minecraft:yellow_wool":6,"minecraft:wheat":32,"minecraft:stripped_oak_wood":1,"minecraft:yellow_bed":7,"minecraft:oak_log":106,"minecraft:dirt":406,"minecraft:oak_leaves":20,"minecraft:fern":24},"minecraft:killed":{"minecraft:cat":1}},"DataVersion":3953}