{"stats":{"minecraft:used":{"minecraft:oak_fence":40,"minecraft:water_bucket":3,"minecraft:stone_shovel":379,"minecraft:stone_pickaxe":36,"minecraft:wooden_pickaxe":16,"minecraft:bell":2,"minecraft:cobblestone_slab":24,"minecraft:sugar_cane":18,"minecraft:dirt":279,"minecraft:crafting_table":1,"minecraft:jungle_slab":6,"minecraft:carrot":13,"minecraft:white_bed":3,"minecraft:iron_axe":30,"minecraft:bread":14,"minecraft:melon_slice":4,"minecraft:map":2,"minecraft:barrel":22,"minecraft:stone_axe":193,"minecraft:bucket":3,"minecraft:yellow_bed":6,"minecraft:potato":9},"minecraft:dropped":{"minecraft:bread":88},"minecraft:crafted":{"minecraft:oak_planks":24,"minecraft:cobblestone_slab":18,"minecraft:stone_shovel":3,"minecraft:barrel":11,"minecraft:crafting_table":1,"minecraft:wooden_pickaxe":1,"minecraft:yellow_bed":2,"minecraft:stone_axe":1,"minecraft:jungle_slab":42,"minecraft:bread":165,"minecraft:jungle_planks":80,"minecraft:stick":12,"minecraft:stone_pickaxe":1,"minecraft:white_bed":1,"minecraft:wheat":495},"minecraft:broken":{"minecraft:stone_axe":1,"minecraft:stone_shovel":2},"minecraft:custom":{"minecraft:mob_kills":1,"minecraft:interact_with_crafting_table":20,"minecraft:open_barrel":3,"minecraft:bell_ring":5,"minecraft:leave_game":2,"minecraft:time_since_death":69469,"minecraft:sleep_in_bed":4,"minecraft:climb_one_cm":2395,"minecraft:time_since_rest":3534,"minecraft:sprint_one_cm":192830,"minecraft:damage_taken":260,"minecraft:walk_one_cm":193264,"minecraft:drop":30,"minecraft:damage_dealt":144,"minecraft:swim_one_cm":45539,"minecraft:talked_to_villager":29,"minecraft:fly_one_cm":236135,"minecraft:open_chest":16,"minecraft:crouch_one_cm":13109,"minecraft:play_time":69469,"minecraft:sneak_time":3130,"minecraft:walk_under_water_one_cm":2068,"minecraft:jump":1266,"minecraft:walk_on_water_one_cm":4206,"minecraft:total_world_time":69469,"minecraft:fall_one_cm":36133},"minecraft:picked_up":{"minecraft:crafting_table":1,"minecraft:water_bucket":1,"minecraft:jungle_log":20,"minecraft:yellow_wool":6,"minecraft:potato":9,"minecraft:oak_log":17,"minecraft:string":33,"minecraft:yellow_bed":5,"minecraft:oak_trapdoor":8,"minecraft:cornflower":2,"minecraft:dirt":331,"minecraft:iron_axe":1,"minecraft:wheat_seeds":60,"minecraft:cartography_table":1,"minecraft:bell":2,"minecraft:cobblestone_slab":12,"minecraft:stripped_oak_wood":1,"minecraft:poppy":3,"minecraft:sugar_cane":18,"minecraft:melon_slice":5,"minecraft:oak_planks":9,"minecraft:oak_slab":12,"minecraft:stick":1,"minecraft:oak_door":7,"minecraft:composter":2,"minecraft:oak_fence":67,"minecraft:torch":8,"minecraft:dandelion":14,"minecraft:white_bed":2,"minecraft:carrot":13,"minecraft:jungle_slab":1,"minecraft:barrel":17,"minecraft:mossy_cobblestone":13,"minecraft:hay_block":55,"minecraft:oak_sapling":7,"minecraft:white_wool":6,"minecraft:cobblestone":20,"minecraft:oxeye_daisy":3},"minecraft:mined":{"minecraft:oak_slab":12,"minecraft:white_bed":2,"minecraft:mossy_cobblestone":13,"minecraft:oak_door":7,"minecraft:jungle_slab":1,"minecraft:jungle_leaves":2,"minecraft:dandelion":14,"minecraft:oak_fence":66,"minecraft:crafting_table":1,"minecraft:cornflower":2,"minecraft:short_grass":186,"minecraft:grass_block":89,"minecraft:poppy":2,"minecraft:melon":1,"minecraft:jungle_log":20,"minecraft:tall_grass":5,"minecraft:cobblestone":4,"minecraft:cartography_table":1,"minecraft:composter":2,"minecraft:oak_planks":9,"minecraft:sugar_cane":9,"minecraft:oxeye_daisy":3,"minecraft:hay_block":23,"minecraft:oak_trapdoor":8,"minecraft:carrots":13,"minecraft:yellow_wool":6,"minecraft:barrel":17,"minecraft:wheat":32,"minecraft:stripped_oak_wood":1,"minecraft:yellow_bed":5,"minecraft:bell":2,"minecraft:potatoes":9,"minecraft:oak_log":18,"minecraft:dirt_path":129,"minecraft:cobblestone_slab":12,"minecraft:vine":7,"minecraft:dirt":127,"minecraft:stone":16,"minecraft:white_wool":6,"minecraft:oak_leaves":10,"minecraft:fern":10},"minecraft:killed":{"minecraft:cat":1}},"DataVersion":3953}