{"stats":{"minecraft:used":{"minecraft:oak_fence":40,"minecraft:water_bucket":5,"minecraft:stone_shovel":755,"minecraft:stone_pickaxe":36,"minecraft:chest":1,"minecraft:wooden_pickaxe":16,"minecraft:bell":2,"minecraft:cobblestone_slab":24,"minecraft:sugar_cane":18,"minecraft:stone_hoe":23,"minecraft:torch":10,"minecraft:dirt":366,"minecraft:crafting_table":1,"minecraft:carrot":71,"minecraft:jungle_slab":6,"minecraft:oak_wood":10,"minecraft:white_bed":3,"minecraft:oak_log":22,"minecraft:wooden_hoe":59,"minecraft:diamond_pickaxe":1,"minecraft:diamond_shovel":1,"minecraft:bread":21,"minecraft:iron_axe":165,"minecraft:melon_slice":4,"minecraft:map":2,"minecraft:barrel":22,"minecraft:stone_axe":193,"minecraft:furnace":3,"minecraft:smithing_table":2,"minecraft:bucket":4,"minecraft:smooth_stone_slab":2,"minecraft:yellow_bed":8,"minecraft:potato":41,"minecraft:smooth_stone":14},"minecraft:dropped":{"minecraft:bread":88,"minecraft:wheat_seeds":10,"minecraft:diamond_shovel":1,"minecraft:poppy":3,"minecraft:oxeye_daisy":3,"minecraft:cornflower":2,"minecraft:oak_sapling":10,"minecraft:bucket":1,"minecraft:dandelion":14},"minecraft:crafted":{"minecraft:smooth_stone":19,"minecraft:oak_planks":40,"minecraft:cobblestone_slab":18,"minecraft:stone_shovel":6,"minecraft:barrel":11,"minecraft:smooth_stone_slab":12,"minecraft:crafting_table":1,"minecraft:wooden_pickaxe":1,"minecraft:furnace":3,"minecraft:stone":56,"minecraft:yellow_bed":2,"minecraft:oak_wood":12,"minecraft:stone_axe":1,"minecraft:jungle_slab":42,"minecraft:bread":165,"minecraft:air":0,"minecraft:jungle_planks":80,"minecraft:wooden_hoe":1,"minecraft:stick":24,"minecraft:stone_pickaxe":1,"minecraft:chest":1,"minecraft:white_bed":1,"minecraft:stone_hoe":1,"minecraft:wheat":495},"minecraft:broken":{"minecraft:stone_axe":1,"minecraft:iron_axe":1,"minecraft:wooden_hoe":1,"minecraft:stone_shovel":5},"minecraft:custom":{"minecraft:interact_with_furnace":33,"minecraft:mob_kills":1,"minecraft:interact_with_crafting_table":43,"minecraft:open_barrel":4,"minecraft:bell_ring":5,"minecraft:sleep_in_bed":7,"minecraft:leave_game":4,"minecraft:time_since_death":120268,"minecraft:climb_one_cm":2621,"minecraft:time_since_rest":3207,"minecraft:sprint_one_cm":303309,"minecraft:damage_taken":328,"minecraft:walk_one_cm":332590,"minecraft:drop":41,"minecraft:damage_dealt":164,"minecraft:swim_one_cm":45539,"minecraft:talked_to_villager":37,"minecraft:fly_one_cm":375013,"minecraft:open_chest":54,"minecraft:crouch_one_cm":16497,"minecraft:play_time":120268,"minecraft:sneak_time":3878,"minecraft:walk_under_water_one_cm":2068,"minecraft:jump":1974,"minecraft:walk_on_water_one_cm":4281,"minecraft:total_world_time":120268,"minecraft:fall_one_cm":50105},"minecraft:picked_up":{"minecraft:crafting_table":1,"minecraft:water_bucket":2,"minecraft:jungle_log":20,"minecraft:yellow_wool":6,"minecraft:smithing_table":2,"minecraft:potato":44,"minecraft:oak_log":104,"minecraft:yellow_bed":7,"minecraft:oak_trapdoor":8,"minecraft:cornflower":2,"minecraft:dirt":765,"minecraft:string":209,"minecraft:iron_axe":1,"minecraft:smooth_stone":2,"minecraft:wheat_seeds":70,"minecraft:cartography_table":1,"minecraft:bell":2,"minecraft:cobblestone_slab":12,"minecraft:stripped_oak_wood":1,"minecraft:poppy":4,"minecraft:melon_slice":5,"minecraft:sugar_cane":19,"minecraft:oak_planks":9,"minecraft:oak_slab":12,"minecraft:stick":1,"minecraft:oak_door":7,"minecraft:composter":2,"minecraft:oak_fence":67,"minecraft:torch":12,"minecraft:dandelion":14,"minecraft:poisonous_potato":1,"minecraft:white_bed":2,"minecraft:carrot":71,"minecraft:jungle_slab":1,"minecraft:barrel":17,"minecraft:mossy_cobblestone":13,"minecraft:diamond_shovel":2,"minecraft:rotten_flesh":1,"minecraft:hay_block":55,"minecraft:diamond_pickaxe":1,"minecraft:oak_sapling":10,"minecraft:coal":14,"minecraft:white_wool":6,"minecraft:cobblestone":20,"minecraft:oxeye_daisy":3},"minecraft:mined":{"minecraft:oak_slab":12,"minecraft:white_bed":2,"minecraft:mossy_cobblestone":13,"minecraft:oak_door":7,"minecraft:jungle_slab":1,"minecraft:jungle_leaves":2,"minecraft:dandelion":14,"minecraft:oak_fence":66,"minecraft:cornflower":2,"minecraft:crafting_table":1,"minecraft:short_grass":215,"minecraft:grass_block":256,"minecraft:poppy":2,"minecraft:melon":1,"minecraft:jungle_log":20,"minecraft:tall_grass":5,"minecraft:cobblestone":4,"minecraft:composter":2,"minecraft:oak_planks":9,"minecraft:sugar_cane":9,"minecraft:cartography_table":1,"minecraft:oxeye_daisy":3,"minecraft:wall_torch":1,"minecraft:smooth_stone":1,"minecraft:hay_block":23,"minecraft:oak_trapdoor":8,"minecraft:carrots":38,"minecraft:yellow_wool":6,"minecraft:wheat":32,"minecraft:barrel":17,"minecraft:stripped_oak_wood":1,"minecraft:yellow_bed":7,"minecraft:bell":2,"minecraft:potatoes":25,"minecraft:oak_log":106,"minecraft:dirt_path":133,"minecraft:cobblestone_slab":12,"minecraft:vine":8,"minecraft:dirt":400,"minecraft:stone":16,"minecraft:white_wool":6,"minecraft:oak_leaves":20,"minecraft:fern":19},"minecraft:killed":{"minecraft:cat":1}},"DataVersion":3953}