{"stats":{"minecraft:crafted":{"minecraft:oak_planks":20,"minecraft:crafting_table":1,"minecraft:stone_axe":1,"minecraft:stick":4,"minecraft:wooden_pickaxe":1},"minecraft:mined":{"minecraft:short_grass":4,"minecraft:oak_log":6,"minecraft:white_bed":2,"minecraft:oak_door":7,"minecraft:cartography_table":1,"minecraft:stone":16,"minecraft:composter":2,"minecraft:oak_fence":2,"minecraft:yellow_bed":3},"minecraft:used":{"minecraft:stone_axe":22,"minecraft:crafting_table":1,"minecraft:wooden_pickaxe":16},"minecraft:picked_up":{"minecraft:oak_door":7,"minecraft:composter":2,"minecraft:oak_fence":2,"minecraft:cartography_table":1,"minecraft:oak_log":5,"minecraft:white_bed":2,"minecraft:yellow_bed":3,"minecraft:cobblestone":16},"minecraft:custom":{"minecraft:open_chest":1,"minecraft:time_since_rest":5970,"minecraft:crouch_one_cm":116,"minecraft:play_time":5970,"minecraft:sprint_one_cm":27361,"minecraft:damage_taken":30,"minecraft:walk_one_cm":11020,"minecraft:sneak_time":41,"minecraft:jump":213,"minecraft:time_since_death":5970,"minecraft:total_world_time":5970,"minecraft:interact_with_crafting_table":4,"minecraft:fall_one_cm":8035,"minecraft:fly_one_cm":47693}},"DataVersion":3953}