{"stats":{"minecraft:used":{"minecraft:oak_fence":40,"minecraft:water_bucket":4,"minecraft:stone_shovel":673,"minecraft:stone_pickaxe":36,"minecraft:chest":1,"minecraft:wooden_pickaxe":16,"minecraft:cobblestone_slab":24,"minecraft:bell":2,"minecraft:sugar_cane":18,"minecraft:torch":5,"minecraft:dirt":298,"minecraft:crafting_table":1,"minecraft:jungle_slab":6,"minecraft:carrot":24,"minecraft:oak_wood":10,"minecraft:white_bed":3,"minecraft:oak_log":22,"minecraft:wooden_hoe":59,"minecraft:iron_axe":156,"minecraft:bread":17,"minecraft:melon_slice":4,"minecraft:map":2,"minecraft:barrel":22,"minecraft:stone_axe":193,"minecraft:bucket":3,"minecraft:yellow_bed":8,"minecraft:potato":16},"minecraft:dropped":{"minecraft:bread":88,"minecraft:wheat_seeds":8,"minecraft:oxeye_daisy":3,"minecraft:poppy":3,"minecraft:cornflower":2,"minecraft:oak_sapling":10,"minecraft:dandelion":14},"minecraft:crafted":{"minecraft:oak_planks":36,"minecraft:cobblestone_slab":18,"minecraft:stone_shovel":5,"minecraft:barrel":11,"minecraft:crafting_table":1,"minecraft:wooden_pickaxe":1,"minecraft:yellow_bed":2,"minecraft:oak_wood":12,"minecraft:stone_axe":1,"minecraft:jungle_slab":42,"minecraft:bread":165,"minecraft:jungle_planks":80,"minecraft:wooden_hoe":1,"minecraft:stick":20,"minecraft:stone_pickaxe":1,"minecraft:chest":1,"minecraft:white_bed":1,"minecraft:wheat":495},"minecraft:broken":{"minecraft:stone_axe":1,"minecraft:wooden_hoe":1,"minecraft:stone_shovel":4},"minecraft:custom":{"minecraft:mob_kills":1,"minecraft:interact_with_crafting_table":29,"minecraft:open_barrel":3,"minecraft:bell_ring":5,"minecraft:sleep_in_bed":5,"minecraft:leave_game":3,"minecraft:time_since_death":98801,"minecraft:climb_one_cm":2621,"minecraft:time_since_rest":19304,"minecraft:sprint_one_cm":250437,"minecraft:damage_taken":300,"minecraft:walk_one_cm":269510,"minecraft:drop":37,"minecraft:damage_dealt":144,"minecraft:swim_one_cm":45539,"minecraft:talked_to_villager":29,"minecraft:fly_one_cm":304803,"minecraft:open_chest":29,"minecraft:crouch_one_cm":13251,"minecraft:play_time":98801,"minecraft:sneak_time":3191,"minecraft:walk_under_water_one_cm":2068,"minecraft:jump":1633,"minecraft:walk_on_water_one_cm":4206,"minecraft:total_world_time":98801,"minecraft:fall_one_cm":43350},"minecraft:picked_up":{"minecraft:crafting_table":1,"minecraft:water_bucket":1,"minecraft:jungle_log":20,"minecraft:yellow_wool":6,"minecraft:potato":32,"minecraft:oak_log":100,"minecraft:yellow_bed":7,"minecraft:oak_trapdoor":8,"minecraft:cornflower":2,"minecraft:dirt":650,"minecraft:string":199,"minecraft:iron_axe":1,"minecraft:wheat_seeds":68,"minecraft:cartography_table":1,"minecraft:bell":2,"minecraft:cobblestone_slab":12,"minecraft:stripped_oak_wood":1,"minecraft:poppy":3,"minecraft:melon_slice":5,"minecraft:sugar_cane":18,"minecraft:oak_planks":9,"minecraft:oak_slab":12,"minecraft:stick":1,"minecraft:oak_door":7,"minecraft:composter":2,"minecraft:oak_fence":67,"minecraft:torch":9,"minecraft:dandelion":14,"minecraft:poisonous_potato":1,"minecraft:white_bed":2,"minecraft:carrot":37,"minecraft:jungle_slab":1,"minecraft:barrel":17,"minecraft:mossy_cobblestone":13,"minecraft:hay_block":55,"minecraft:oak_sapling":10,"minecraft:white_wool":6,"minecraft:cobblestone":20,"minecraft:oxeye_daisy":3},"minecraft:mined":{"minecraft:oak_slab":12,"minecraft:white_bed":2,"minecraft:mossy_cobblestone":13,"minecraft:oak_door":7,"minecraft:jungle_slab":1,"minecraft:jungle_leaves":2,"minecraft:dandelion":14,"minecraft:oak_fence":66,"minecraft:cornflower":2,"minecraft:crafting_table":1,"minecraft:short_grass":208,"minecraft:grass_block":225,"minecraft:poppy":2,"minecraft:melon":1,"minecraft:jungle_log":20,"minecraft:tall_grass":5,"minecraft:cobblestone":4,"minecraft:cartography_table":1,"minecraft:composter":2,"minecraft:oak_planks":9,"minecraft:sugar_cane":9,"minecraft:oxeye_daisy":3,"minecraft:hay_block":23,"minecraft:oak_trapdoor":8,"minecraft:carrots":20,"minecraft:yellow_wool":6,"minecraft:wheat":32,"minecraft:barrel":17,"minecraft:stripped_oak_wood":1,"minecraft:yellow_bed":7,"minecraft:bell":2,"minecraft:potatoes":16,"minecraft:oak_log":102,"minecraft:vine":8,"minecraft:cobblestone_slab":12,"minecraft:dirt_path":133,"minecraft:dirt":313,"minecraft:stone":16,"minecraft:white_wool":6,"minecraft:oak_leaves":13,"minecraft:fern":17},"minecraft:killed":{"minecraft:cat":1}},"DataVersion":3953}