{"stats":{"minecraft:used":{"minecraft:stone_sword":26,"minecraft:stone_pickaxe":173,"minecraft:wooden_pickaxe":41,"minecraft:salmon":4,"minecraft:dirt":4,"minecraft:mutton":15,"minecraft:crafting_table":5,"minecraft:white_bed":6,"minecraft:wooden_axe":84,"minecraft:chicken":3,"minecraft:string":4,"minecraft:iron_pickaxe":41,"minecraft:fishing_rod":4,"minecraft:beef":12},"minecraft:dropped":{"minecraft:gravel":2,"minecraft:sugar_cane":1,"minecraft:wheat_seeds":4,"minecraft:feather":5,"minecraft:cobblestone":2,"minecraft:stone_pickaxe":1,"minecraft:acacia_planks":1},"minecraft:crafted":{"minecraft:oak_planks":44,"minecraft:emerald":91,"minecraft:fishing_rod":1,"minecraft:crafting_table":3,"minecraft:campfire":13,"minecraft:jungle_planks":40,"minecraft:stick":40,"minecraft:iron_pickaxe":1,"minecraft:stone_pickaxe":2,"minecraft:wooden_axe":3,"minecraft:white_bed":1,"minecraft:acacia_planks":8},"minecraft:broken":{"minecraft:stone_sword":1,"minecraft:wooden_axe":1,"minecraft:wooden_pickaxe":1},"minecraft:custom":{"minecraft:interact_with_smithing_table":1,"minecraft:interact_with_furnace":1,"minecraft:mob_kills":33,"minecraft:traded_with_villager":105,"minecraft:interact_with_crafting_table":11,"minecraft:interact_with_cartography_table":1,"minecraft:open_barrel":4,"minecraft:time_since_death":37871,"minecraft:sleep_in_bed":9,"minecraft:climb_one_cm":1077,"minecraft:time_since_rest":5220,"minecraft:sprint_one_cm":186770,"minecraft:damage_taken":640,"minecraft:walk_one_cm":169049,"minecraft:drop":7,"minecraft:damage_dealt":3631,"minecraft:swim_one_cm":27861,"minecraft:talked_to_villager":50,"minecraft:fly_one_cm":165691,"minecraft:open_chest":19,"minecraft:crouch_one_cm":1596,"minecraft:play_time":71970,"minecraft:deaths":1,"minecraft:sneak_time":357,"minecraft:walk_under_water_one_cm":11767,"minecraft:jump":998,"minecraft:walk_on_water_one_cm":13564,"minecraft:total_world_time":71970,"minecraft:fish_caught":1,"minecraft:fall_one_cm":22513},"minecraft:picked_up":{"minecraft:cocoa_beans":8,"minecraft:crafting_table":4,"minecraft:feather":5,"minecraft:chicken":3,"minecraft:jungle_log":31,"minecraft:salmon":6,"minecraft:leather":10,"minecraft:oak_log":11,"minecraft:string":130,"minecraft:dirt":37,"minecraft:bone":1,"minecraft:wheat_seeds":7,"minecraft:iron_ingot":4,"minecraft:beef":12,"minecraft:melon_slice":65,"minecraft:sugar_cane":23,"minecraft:pumpkin":7,"minecraft:acacia_log":2,"minecraft:gravel":2,"minecraft:porkchop":15,"minecraft:white_bed":6,"minecraft:diamond_shovel":2,"minecraft:stone_sword":1,"minecraft:emerald":483,"minecraft:mutton":14,"minecraft:white_wool":9,"minecraft:cobblestone":200,"minecraft:diamond_pickaxe":1},"minecraft:mined":{"minecraft:white_bed":6,"minecraft:crafting_table":4,"minecraft:short_grass":96,"minecraft:acacia_log":2,"minecraft:grass_block":14,"minecraft:melon":16,"minecraft:jungle_log":32,"minecraft:sugar_cane":12,"minecraft:seagrass":1,"minecraft:tall_seagrass":1,"minecraft:wheat":1,"minecraft:pumpkin":8,"minecraft:bee_nest":1,"minecraft:cocoa":2,"minecraft:oak_log":11,"minecraft:vine":6,"minecraft:gravel":2,"minecraft:dirt":24,"minecraft:stone":201,"minecraft:tripwire":2,"minecraft:oak_leaves":1,"minecraft:fern":12},"minecraft:killed":{"minecraft:pig":7,"minecraft:salmon":6,"minecraft:iron_golem":1,"minecraft:sheep":9,"minecraft:skeleton":1,"minecraft:chicken":3,"minecraft:cow":6}},"DataVersion":3953}