{"stats":{"minecraft:used":{"minecraft:wooden_axe":84,"minecraft:stone_sword":26,"minecraft:iron_pickaxe":41,"minecraft:salmon":3,"minecraft:beef":9,"minecraft:crafting_table":2,"minecraft:white_bed":2},"minecraft:crafted":{"minecraft:oak_planks":28,"minecraft:crafting_table":1,"minecraft:stick":24,"minecraft:iron_pickaxe":1,"minecraft:wooden_axe":2,"minecraft:jungle_planks":40},"minecraft:broken":{"minecraft:wooden_axe":1,"minecraft:stone_sword":1},"minecraft:custom":{"minecraft:time_since_rest":1899,"minecraft:sprint_one_cm":97862,"minecraft:damage_taken":340,"minecraft:walk_one_cm":80723,"minecraft:mob_kills":25,"minecraft:damage_dealt":2893,"minecraft:talked_to_villager":3,"minecraft:swim_one_cm":23058,"minecraft:interact_with_crafting_table":5,"minecraft:fly_one_cm":89881,"minecraft:open_barrel":1,"minecraft:open_chest":2,"minecraft:crouch_one_cm":1384,"minecraft:play_time":35970,"minecraft:deaths":1,"minecraft:sneak_time":283,"minecraft:walk_under_water_one_cm":9802,"minecraft:jump":576,"minecraft:walk_on_water_one_cm":9786,"minecraft:time_since_death":1871,"minecraft:sleep_in_bed":5,"minecraft:total_world_time":35970,"minecraft:climb_one_cm":1077,"minecraft:fall_one_cm":13964},"minecraft:picked_up":{"minecraft:cocoa_beans":8,"minecraft:crafting_table":2,"minecraft:pumpkin":7,"minecraft:salmon":5,"minecraft:jungle_log":31,"minecraft:leather":8,"minecraft:porkchop":15,"minecraft:oak_log":7,"minecraft:white_bed":3,"minecraft:dirt":3,"minecraft:stone_sword":1,"minecraft:wheat_seeds":3,"minecraft:beef":9,"minecraft:iron_ingot":4,"minecraft:melon_slice":65,"minecraft:sugar_cane":22,"minecraft:mutton":8,"minecraft:white_wool":6},"minecraft:mined":{"minecraft:seagrass":1,"minecraft:tall_seagrass":1,"minecraft:white_bed":3,"minecraft:pumpkin":8,"minecraft:bee_nest":1,"minecraft:crafting_table":2,"minecraft:short_grass":51,"minecraft:oak_log":7,"minecraft:grass_block":2,"minecraft:melon":16,"minecraft:cocoa":2,"minecraft:vine":6,"minecraft:jungle_log":32,"minecraft:dirt":2,"minecraft:sugar_cane":11,"minecraft:fern":12},"minecraft:killed":{"minecraft:sheep":6,"minecraft:pig":7,"minecraft:salmon":6,"minecraft:iron_golem":1,"minecraft:cow":5}},"DataVersion":3953}