{"stats":{"minecraft:used":{"minecraft:wooden_axe":84,"minecraft:stone_sword":26,"minecraft:iron_pickaxe":38,"minecraft:beef":8,"minecraft:crafting_table":2,"minecraft:white_bed":1},"minecraft:crafted":{"minecraft:oak_planks":28,"minecraft:crafting_table":1,"minecraft:stick":24,"minecraft:iron_pickaxe":1,"minecraft:wooden_axe":2,"minecraft:jungle_planks":40},"minecraft:broken":{"minecraft:wooden_axe":1,"minecraft:stone_sword":1},"minecraft:custom":{"minecraft:time_since_rest":8453,"minecraft:sprint_one_cm":46027,"minecraft:damage_taken":120,"minecraft:walk_one_cm":55224,"minecraft:mob_kills":25,"minecraft:damage_dealt":2844,"minecraft:swim_one_cm":13885,"minecraft:interact_with_crafting_table":5,"minecraft:fly_one_cm":54813,"minecraft:open_chest":1,"minecraft:crouch_one_cm":1384,"minecraft:play_time":23970,"minecraft:sneak_time":278,"minecraft:walk_under_water_one_cm":7465,"minecraft:jump":391,"minecraft:walk_on_water_one_cm":4437,"minecraft:time_since_death":23970,"minecraft:sleep_in_bed":3,"minecraft:total_world_time":23970,"minecraft:climb_one_cm":1077,"minecraft:fall_one_cm":9945},"minecraft:picked_up":{"minecraft:cocoa_beans":8,"minecraft:crafting_table":2,"minecraft:pumpkin":7,"minecraft:salmon":5,"minecraft:jungle_log":31,"minecraft:leather":8,"minecraft:porkchop":15,"minecraft:oak_log":7,"minecraft:white_bed":2,"minecraft:dirt":3,"minecraft:stone_sword":1,"minecraft:wheat_seeds":2,"minecraft:beef":9,"minecraft:iron_ingot":4,"minecraft:melon_slice":65,"minecraft:sugar_cane":7,"minecraft:mutton":8,"minecraft:white_wool":6},"minecraft:mined":{"minecraft:tall_seagrass":1,"minecraft:white_bed":2,"minecraft:pumpkin":8,"minecraft:crafting_table":2,"minecraft:short_grass":50,"minecraft:oak_log":7,"minecraft:grass_block":2,"minecraft:melon":16,"minecraft:cocoa":2,"minecraft:vine":6,"minecraft:jungle_log":32,"minecraft:dirt":2,"minecraft:sugar_cane":3,"minecraft:fern":12},"minecraft:killed":{"minecraft:sheep":6,"minecraft:pig":7,"minecraft:salmon":6,"minecraft:iron_golem":1,"minecraft:cow":5}},"DataVersion":3953}