{"stats":{"minecraft:used":{"minecraft:stone_sword":41,"minecraft:stone_pickaxe":174,"minecraft:wooden_pickaxe":41,"minecraft:salmon":4,"minecraft:torch":1,"minecraft:dirt":4,"minecraft:mutton":17,"minecraft:crafting_table":7,"minecraft:campfire":2,"minecraft:white_bed":6,"minecraft:wooden_axe":95,"minecraft:diamond_pickaxe":28,"minecraft:diamond_shovel":10,"minecraft:chicken":3,"minecraft:bread":3,"minecraft:string":4,"minecraft:iron_pickaxe":41,"minecraft:stone_axe":32,"minecraft:fishing_rod":4,"minecraft:beef":12,"minecraft:furnace":1,"minecraft:cobbled_deepslate":2},"minecraft:dropped":{"minecraft:gravel":2,"minecraft:sugar_cane":1,"minecraft:wheat_seeds":4,"minecraft:feather":5,"minecraft:cobblestone":2,"minecraft:stone_pickaxe":1,"minecraft:acacia_planks":1},"minecraft:crafted":{"minecraft:oak_planks":44,"minecraft:emerald":91,"minecraft:fishing_rod":1,"minecraft:crafting_table":3,"minecraft:furnace":1,"minecraft:campfire":13,"minecraft:stone_axe":1,"minecraft:bread":66,"minecraft:jungle_planks":40,"minecraft:charcoal":11,"minecraft:stick":40,"minecraft:iron_pickaxe":1,"minecraft:stone_pickaxe":2,"minecraft:wooden_axe":3,"minecraft:stone_sword":1,"minecraft:white_bed":1,"minecraft:acacia_planks":8,"minecraft:torch":16},"minecraft:broken":{"minecraft:stone_sword":1,"minecraft:wooden_axe":1,"minecraft:wooden_pickaxe":1},"minecraft:custom":{"minecraft:interact_with_smithing_table":1,"minecraft:interact_with_furnace":5,"minecraft:mob_kills":34,"minecraft:traded_with_villager":116,"minecraft:interact_with_cartography_table":1,"minecraft:interact_with_crafting_table":16,"minecraft:open_barrel":4,"minecraft:leave_game":1,"minecraft:time_since_death":58591,"minecraft:sleep_in_bed":9,"minecraft:climb_one_cm":1077,"minecraft:time_since_rest":25940,"minecraft:sprint_one_cm":243203,"minecraft:damage_taken":709,"minecraft:walk_one_cm":201319,"minecraft:drop":7,"minecraft:damage_dealt":3889,"minecraft:swim_one_cm":33572,"minecraft:talked_to_villager":54,"minecraft:fly_one_cm":238012,"minecraft:open_chest":21,"minecraft:crouch_one_cm":1788,"minecraft:play_time":92690,"minecraft:deaths":1,"minecraft:sneak_time":389,"minecraft:walk_under_water_one_cm":20644,"minecraft:jump":1362,"minecraft:walk_on_water_one_cm":30971,"minecraft:total_world_time":92690,"minecraft:fish_caught":1,"minecraft:fall_one_cm":33843},"minecraft:picked_up":{"minecraft:charcoal":2,"minecraft:cocoa_beans":8,"minecraft:crafting_table":6,"minecraft:feather":5,"minecraft:chicken":3,"minecraft:jungle_log":31,"minecraft:salmon":6,"minecraft:leather":11,"minecraft:oak_log":52,"minecraft:string":130,"minecraft:dirt":46,"minecraft:bone":3,"minecraft:wheat_seeds":7,"minecraft:cobbled_deepslate":3,"minecraft:beef":12,"minecraft:iron_ingot":4,"minecraft:melon_slice":65,"minecraft:sugar_cane":23,"minecraft:furnace":1,"minecraft:stick":6,"minecraft:pumpkin":7,"minecraft:acacia_log":2,"minecraft:sand":3,"minecraft:gravel":2,"minecraft:porkchop":15,"minecraft:white_bed":6,"minecraft:stone_sword":1,"minecraft:diamond_shovel":2,"minecraft:emerald":483,"minecraft:oak_sapling":1,"minecraft:mutton":14,"minecraft:white_wool":9,"minecraft:cobblestone":218,"minecraft:diamond_pickaxe":1},"minecraft:mined":{"minecraft:white_bed":6,"minecraft:crafting_table":6,"minecraft:glow_lichen":2,"minecraft:short_grass":105,"minecraft:acacia_log":2,"minecraft:grass_block":15,"minecraft:melon":16,"minecraft:jungle_log":32,"minecraft:tall_grass":1,"minecraft:sugar_cane":12,"minecraft:seagrass":1,"minecraft:tall_seagrass":1,"minecraft:furnace":1,"minecraft:wheat":1,"minecraft:pumpkin":8,"minecraft:bee_nest":1,"minecraft:oak_log":51,"minecraft:cocoa":2,"minecraft:vine":6,"minecraft:sand":3,"minecraft:gravel":2,"minecraft:dirt":32,"minecraft:stone":221,"minecraft:oak_leaves":5,"minecraft:tripwire":2,"minecraft:deepslate":3,"minecraft:fern":12},"minecraft:killed":{"minecraft:pig":7,"minecraft:salmon":6,"minecraft:iron_golem":1,"minecraft:horse":1,"minecraft:sheep":9,"minecraft:skeleton":1,"minecraft:chicken":3,"minecraft:cow":6}},"DataVersion":3953}