{"stats":{"minecraft:used":{"minecraft:wooden_axe":84,"minecraft:stone_sword":26,"minecraft:iron_pickaxe":41,"minecraft:wooden_pickaxe":41,"minecraft:mutton":6,"minecraft:fishing_rod":1,"minecraft:salmon":3,"minecraft:dirt":4,"minecraft:beef":9,"minecraft:crafting_table":4,"minecraft:white_bed":3},"minecraft:crafted":{"minecraft:oak_planks":44,"minecraft:fishing_rod":1,"minecraft:crafting_table":2,"minecraft:stick":24,"minecraft:iron_pickaxe":1,"minecraft:wooden_axe":2,"minecraft:white_bed":1,"minecraft:jungle_planks":40},"minecraft:broken":{"minecraft:wooden_axe":1,"minecraft:stone_sword":1,"minecraft:wooden_pickaxe":1},"minecraft:custom":{"minecraft:time_since_rest":5094,"minecraft:sprint_one_cm":126675,"minecraft:damage_taken":450,"minecraft:walk_one_cm":110657,"minecraft:mob_kills":28,"minecraft:damage_dealt":3228,"minecraft:traded_with_villager":1,"minecraft:interact_with_cartography_table":1,"minecraft:talked_to_villager":16,"minecraft:swim_one_cm":23803,"minecraft:interact_with_crafting_table":8,"minecraft:fly_one_cm":118111,"minecraft:open_barrel":2,"minecraft:open_chest":6,"minecraft:crouch_one_cm":1500,"minecraft:play_time":47970,"minecraft:deaths":1,"minecraft:sneak_time":308,"minecraft:walk_under_water_one_cm":10408,"minecraft:jump":771,"minecraft:walk_on_water_one_cm":11268,"minecraft:time_since_death":13871,"minecraft:sleep_in_bed":6,"minecraft:total_world_time":47970,"minecraft:climb_one_cm":1077,"minecraft:fall_one_cm":18985},"minecraft:picked_up":{"minecraft:cocoa_beans":8,"minecraft:crafting_table":3,"minecraft:pumpkin":7,"minecraft:salmon":5,"minecraft:jungle_log":31,"minecraft:leather":8,"minecraft:acacia_log":2,"minecraft:gravel":2,"minecraft:porkchop":15,"minecraft:oak_log":11,"minecraft:white_bed":4,"minecraft:dirt":36,"minecraft:stone_sword":1,"minecraft:wheat_seeds":4,"minecraft:beef":9,"minecraft:iron_ingot":4,"minecraft:emerald":483,"minecraft:melon_slice":65,"minecraft:sugar_cane":22,"minecraft:mutton":14,"minecraft:white_wool":9,"minecraft:cobblestone":31},"minecraft:mined":{"minecraft:seagrass":1,"minecraft:tall_seagrass":1,"minecraft:white_bed":4,"minecraft:acacia_log":2,"minecraft:pumpkin":8,"minecraft:bee_nest":1,"minecraft:crafting_table":3,"minecraft:short_grass":55,"minecraft:oak_log":11,"minecraft:grass_block":14,"minecraft:melon":16,"minecraft:cocoa":2,"minecraft:vine":6,"minecraft:jungle_log":32,"minecraft:gravel":2,"minecraft:dirt":23,"minecraft:stone":31,"minecraft:sugar_cane":11,"minecraft:oak_leaves":1,"minecraft:fern":12},"minecraft:killed":{"minecraft:sheep":9,"minecraft:pig":7,"minecraft:salmon":6,"minecraft:iron_golem":1,"minecraft:cow":5}},"DataVersion":3953}