{"stats":{"minecraft:used":{"minecraft:wooden_axe":47,"minecraft:stone_sword":26,"minecraft:crafting_table":1},"minecraft:crafted":{"minecraft:crafting_table":1,"minecraft:stick":4,"minecraft:iron_pickaxe":1,"minecraft:wooden_axe":1,"minecraft:jungle_planks":40},"minecraft:broken":{"minecraft:stone_sword":1},"minecraft:custom":{"minecraft:time_since_rest":9265,"minecraft:sprint_one_cm":18264,"minecraft:damage_taken":70,"minecraft:walk_one_cm":28253,"minecraft:mob_kills":6,"minecraft:damage_dealt":1382,"minecraft:swim_one_cm":13232,"minecraft:interact_with_crafting_table":3,"minecraft:fly_one_cm":27617,"minecraft:open_chest":1,"minecraft:crouch_one_cm":1017,"minecraft:play_time":11970,"minecraft:sneak_time":165,"minecraft:walk_under_water_one_cm":3756,"minecraft:jump":206,"minecraft:walk_on_water_one_cm":1587,"minecraft:time_since_death":11970,"minecraft:sleep_in_bed":2,"minecraft:total_world_time":11970,"minecraft:climb_one_cm":907,"minecraft:fall_one_cm":5884},"minecraft:picked_up":{"minecraft:cocoa_beans":8,"minecraft:crafting_table":1,"minecraft:salmon":1,"minecraft:jungle_log":26,"minecraft:leather":2,"minecraft:porkchop":7,"minecraft:oak_log":7,"minecraft:white_bed":1,"minecraft:dirt":3,"minecraft:stone_sword":1,"minecraft:beef":2,"minecraft:iron_ingot":4,"minecraft:melon_slice":35,"minecraft:sugar_cane":7},"minecraft:mined":{"minecraft:tall_seagrass":1,"minecraft:white_bed":1,"minecraft:crafting_table":1,"minecraft:short_grass":21,"minecraft:oak_log":7,"minecraft:grass_block":2,"minecraft:melon":7,"minecraft:cocoa":2,"minecraft:vine":5,"minecraft:jungle_log":26,"minecraft:dirt":2,"minecraft:sugar_cane":3,"minecraft:fern":2},"minecraft:killed":{"minecraft:pig":3,"minecraft:salmon":1,"minecraft:iron_golem":1,"minecraft:cow":1}},"DataVersion":3953}